{"pages/custom/page/reviews":"{{!-- Product Reviews: include in reviews.html page template --}}\r\n\r\n<script id=\"schema-product\">\r\n\r\n  var schema = document.createElement('script');\r\n  schema.type = 'application/ld+json';\r\n  schema.text = JSON.stringify({\r\n    \"@context\": \"http://schema.org/\",\r\n    \"@type\": \"Product\",\r\n    \"name\": \"{{product.title}}\",\r\n    \"image\": \"{{getImage product.main_image}}\",\r\n    \"description\": \"{{json product.description}}\",\r\n    \"sku\": \"{{product.sku}}\",\r\n    \"brand\": {\r\n      \"@type\": \"Thing\",\r\n      \"name\": \"{{product.brand.name}}\"\r\n    },\r\n    {{#if product.reviews.list}}\r\n      \"aggregateRating\": {\r\n        \"@type\": \"AggregateRating\",\r\n        \"ratingValue\": \"{{product.rating}}\",\r\n        \"reviewCount\": \"{{product.num_reviews}}\"\r\n      },\r\n    {{/if}}\r\n  });\r\n\r\n  document.querySelector('body').appendChild(schema);\r\n\r\n  var script = document.getElementById('schema-product');\r\n  script.parentElement.removeChild(script);\r\n</script>\r\n\r\n---\r\ncart: true\r\nproduct:\r\n  reviews:\r\n      limit: 999\r\n  related_products:\r\n      limit: 4\r\n  videos: true\r\n---\r\n\r\n  {{#each product.reviews.list}}\r\n    <script type=\"application/ld+json\">\r\n      {\r\n        \"@context\": \"http://schema.org/\",\r\n        \"@type\": \"Review\",\r\n        \"itemReviewed\": {\r\n          \"@type\": \"Product\",\r\n          \"image\": \"{{getImage ../product.main_image}}\",\r\n          \"name\": \"{{../product.title}}\"\r\n        },\r\n        \"reviewRating\": {\r\n          \"@type\": \"Rating\",\r\n          \"ratingValue\": \"{{rating}}\"\r\n        },\r\n        \"name\": \"{{title}}\",\r\n        \"author\": {\r\n          \"@type\": \"Person\",\r\n          \"name\": \"{{name}}\"\r\n        },\r\n        \"reviewBody\": \"{{text}}\",\r\n        \"publisher\": {\r\n          \"@type\": \"Organization\",\r\n          \"name\": \"{{../settings.store_name}}\"\r\n        }\r\n      }\r\n    </script>\r\n  {{/each}}\r\n  \r\n  {{product.reviews.list}}\r\n"}