{"components/header":"\n<header class=\"main-header\" role=\"banner\">\n\n  <div class=\"primary-navigation\">\n    {{> components/navigation-toggle}}\n    {{> components/search-form}}\n    {{> components/navigation}}\n\n    <div class=\"header-tools\">\n      {{> components/currency-selector}}\n      {{> components/customer-links}}\n      {{> components/cart/cart-preview-link}}\n    </div>\n  </div>\n\n  <div class=\"branding\">\n    {{> components/branding location=\"header\"}}\n  </div>\n\n</header>\n","components/navigation-toggle":"\n<button type=\"submit\" class=\"navigation-toggle\" data-navigation-toggle>\n  <svg class=\"icon-menu\">\n    <use xlink:href=\"#icon-menu\"></use>\n  </svg>\n</button>\n","components/search-form":"\n{{{snippet 'forms_search'}}}\n<form class=\"search-form\" action=\"{{urls.search}}\">\n  <label class=\"search-label\">\n    <svg class=\"icon-search\">\n      <use xlink:href=\"#icon-search\"></use>\n    </svg>\n    <input class=\"search-input\" name=\"search_query\" placeholder=\"{{lang 'header.search'}}\" type=\"text\">\n  </label>\n</form>\n","components/currency-selector":"{{#if currency_selector.currencies.length \">\" 1}}\n  <div class=\"currency-select-wrapper\" data-currency-selector>\n    <span class=\"form-selected-text\" data-currency-selector-toggle>\n      {{currency_selector.active_currency_code}}\n      <svg class=\"icon-arrow-down\">\n        <use xlink:href=\"#icon-arrow-down\"></use>\n      </svg>\n    </span>\n    <select>\n      {{#each currency_selector.currencies}}\n        <option value=\"{{{switch_url}}}\" {{#if is_active}}selected{{/if}}>\n          {{name}}\n        </option>\n      {{/each}}\n    </select>\n  </div>\n{{/if}}\n","components/customer-links":"\n{{#if settings.account_creation_enabled}}\n  <div class=\"customer-links\">\n    {{#if customer}}\n      <a href=\"{{urls.account.index}}\">{{customer.name}}</a>\n      <a class=\"customer-link-logout\" href=\"{{urls.auth.logout}}\">{{lang 'common.account.log_out'}}</a>\n    {{else}}\n      <a href=\"{{urls.auth.login}}\">{{lang 'common.account.log_in'}}</a>\n    {{/if}}\n  </div>\n{{/if}}\n","components/navigation":"\r\n<nav class=\"main-menu\">\r\n  <ul class=\"nav-menu\">\r\n    {{#if theme_settings.show_categories}}\r\n      {{#if theme_settings.category_display '===' 'show_categories'}}\r\n        {{#each categories}}\r\n          <li class=\"nav-menu-item {{#if children}}menu-dropdown{{/if}}\" >\r\n            {{> components/navigation-item show_all=../theme_settings.categories-all-link}}\r\n          </li>\r\n        {{/each}}\r\n      {{else if theme_settings.category_display '===' 'show_categories_dropdown'}}\r\n        <li class=\"nav-menu-item menu-dropdown\">\r\n          <a href=\"#\">{{lang 'common.shop_all'}}</a>\r\n          <ul class=\"dropdown nav-submenu\">\r\n            {{#each categories}}\r\n              <li class=\"nav-submenu-item {{#if children}} dropdown {{/if}}\" >\r\n                {{> components/navigation-category-item show_all=../theme_settings.categories-all-link}}\r\n              </li>\r\n            {{/each}}\r\n          </ul>\r\n        </li>\r\n      {{/if}}\r\n      {{#if theme_settings.category_display '===' 'show_categories_meganav'}}\r\n      <li class=\"nav-menu-item menu-dropdown menu-meganav\" data-menu-meganav>\r\n        <a href=\"#\">{{lang 'common.shop_all'}}</a>\r\n        <ul class=\"dropdown nav-submenu meganav-submenu\">\r\n          {{#each categories}}\r\n            <li class=\"meganav-submenu-item nav-submenu-item {{#if children}}dropdown{{/if}}\">\r\n              {{> components/mega-navigation-item show_all=../theme_settings.categories-all-link}}\r\n            </li>\r\n          {{/each}}\r\n        </ul>\r\n      </li>\r\n      {{/if}}\r\n      {{#if theme_settings.category_display '===' 'show_categories_meganav_large'}}\r\n      <li class=\"nav-menu-item menu-dropdown menu-meganav menu-meganav-large\" data-menu-meganav-large>\r\n        <a href=\"#\">{{lang 'common.shop_all'}}</a>\r\n        <ul class=\"dropdown nav-submenu meganav-submenu\">\r\n          <div class=\"meganav-divider\"></div>\r\n          {{#each categories}}\r\n          <li class=\"blurred meganav-submenu-item nav-submenu-item {{#if children}}dropdown{{/if}}\">\r\n            {{> components/mega-navigation-item show-all=../theme_settings.categories-all-link}}\r\n          </li>\r\n          {{/each}}\r\n        </ul>\r\n      </li>\r\n      {{/if}}\r\n    {{/if}}\r\n    {{#if theme_settings.show_pages}}\r\n      {{#each pages}}\r\n        <li class=\"nav-menu-item {{#if children}} menu-dropdown {{/if}}\" >\r\n          {{> components/navigation-item show-all=../theme_settings.categories-all-link}}\r\n        </li>\r\n      {{/each}}\r\n    {{/if}}\r\n    {{#if theme_settings.show_home_link}}\r\n      <li class=\"nav-menu-item\">\r\n        <a href=\"{{urls.home}}blog-silver-jewellery-uk/\">Blog</a>\r\n      </li>\r\n      <li class=\"nav-menu-item\">\r\n        <a href=\"{{urls.home}}reviews/\">Reviews</a>\r\n      </li>\r\n    {{/if}}\r\n  </ul>\r\n  <div class=\"nav-tools\">\r\n    {{> components/currency-selector}}\r\n    {{> components/customer-links}}\r\n  </div>\r\n</nav>\r\n","components/branding":"\n{{#if settings.store_logo.image.data}}\n  <a class=\"logo\" href=\"/\">\n    <img class=\"{{location}}-logo-image\" src=\"{{getImage settings.store_logo.image 'logo'}}\" alt=\"{{settings.store_logo.image.alt}}\">\n  </a>\n{{/if}}\n<!-- <h1 class=\"text {{#if settings.store_logo.image.data}}visually-hidden{{/if}}\"><a href=\"/\">{{settings.store_logo.title}}</a></h1> -->\n<h4 class=\"text\"><a href=\"/\">{{!settings.store_logo.title}}ELEGANT SILVER JEWELLERY UK</a></h4>\n","components/cart/cart-preview-link":"<a class=\"cart-preview-trigger\" data-cart-preview-toggle data-cart-count=\"{{cart.quantity}}\" href=\"{{urls.cart}}\">\n  <svg class=\"icon-cart\">\n    <use xlink:href=\"#icon-cart\"></use>\n  </svg>\n  <span class=\"cart-preview-label\">{{lang 'cart.preview.label'}}</span>\n  <span class=\"cart-preview-quantity\" id=\"cart-preview-count\" data-cart-preview-count>{{cart.quantity}}</span>\n</a>\n\n<div class=\"cart-preview-container\" data-cart-preview-container>\n  <h2 class=\"cart-preview-title\">{{lang 'cart.preview.title'}}</h2>\n  <button class=\"cart-preview-close\" data-cart-preview-toggle>\n    <svg class=\"icon-cart-close\">\n      <use xlink:href=\"#icon-cart-close\"></use>\n    </svg>\n  </button>\n  <div class=\"cart-preview\" data-cart-preview>\n    {{> components/cart/cart-preview}}\n  </div>\n</div>\n","components/navigation-category-item":"{{#if children}}\n  <a href=\"#\" class=\"submenu-trigger\" data-submenu-trigger>{{name}}</a>\n  <ul class=\"dropdown nav-submenu\">\n    {{#if show_all}}\n      <li class=\"nav-submenu-item\">\n        <a href=\"{{url}}\">{{lang 'common.all_text'}} {{name}}</a>\n      </li>\n    {{/if}}\n    {{#each children}}\n      <li class=\"nav-submenu-item\">\n        {{> components/navigation-category-item}}\n      </li>\n    {{/each}}\n  </ul>\n{{else}}\n  <a href=\"{{url}}\">{{name}}</a>\n{{/if}}\n","components/mega-navigation-item":"{{#if children}}\n  <a href=\"#\" class=\"mega-submenu-trigger submenu-trigger\" data-submenu-trigger>{{name}}</a>\n  <ul class=\"dropdown meganav-submenu nav-submenu\">\n    <div class=\"meganav-submenu-header\">\n      <div class=\"meganav-back\" data-meganav-back>{{lang 'common.back_text'}}</div>\n      <h1 class=\"meganav-submenu-name\">{{name}}</h1>\n    </div>\n    {{#if show_all}}\n      <li class=\"meganav-submenu-item nav-submenu-item\">\n        <a href=\"{{url}}\">{{lang 'common.all_text'}} {{name}}</a>\n      </li>\n    {{/if}}\n    {{#each children}}\n      <li class=\"meganav-submenu-item nav-submenu-item\">\n        {{> components/mega-navigation-item}}\n      </li>\n    {{/each}}\n  </ul>\n{{else}}\n  <a href=\"{{url}}\">{{name}}</a>\n{{/if}}\n","components/cart/cart-preview":"\n{{#if cart.items}}\n  <div class=\"cart-preview-body {{#if cart.items.length '>' 2}}scroll{{/if}}\" data-count=\"{{cart.quantity}}\" data-cart-preview-body>\n\n    <ul class=\"cart-preview-list\">\n      {{#each cart.items}}\n        <li class=\"cart-preview-list-item\">\n          <div class=\"cart-preview-list-item-image\">\n            <a href=\"{{url}}\">\n              <img src=\"{{getImage image 'small' (cdn theme_settings.default_image)}}\" />\n            </a>\n          </div>\n\n          <div class=\"cart-preview-list-item-details\">\n            <div class=\"cart-preview-list-item-name\">\n              <a href=\"{{url}}\" title=\"{{name}}\">{{name}}</a>\n            </div>\n            {{#if options.length}}\n              <div class=\"cart-preview-list-item-options\">\n                {{#each options}}\n                  {{name}}:&nbsp;{{value}}{{#unless @last}}, {{/unless}}\n                {{/each}}\n              </div>\n            {{/if}}\n            <div class=\"cart-preview-list-item-quantity\">\n              {{lang 'cart.preview.quantity'}} {{quantity}}\n            </div>\n            <div class=\"cart-preview-list-item-remove\">\n              <a class=\"cart-preview-list-item-remove\" data-product-id=\"{{id}}\" href=\"{{remove_url}}\" data-cart-remove>{{lang 'cart.preview.remove'}}</a>\n             </div>\n          </div>\n\n          <div class=\"cart-preview-list-item-price\">\n            <span class=\"{{#if price_discounted}}price-discounted{{/if}}\">{{price.formatted}}</span>\n            {{#if price_discounted}}\n              <span class=\"cart-item-discount\">{{price_discounted.formatted}}</span>\n            {{/if}}\n          </div>\n        </li>\n      {{/each}}\n    </ul>\n\n  </div>\n  <div class=\"cart-preview-footer\">\n\n    {{#if cart.discount.value \"<\" 0}}\n      <div class=\"cart-preview-discount\">\n        <div class=\"cart-preview-total-price-label\">\n          {{lang 'cart.discount'}}\n        </div>\n        <div class=\"cart-preview-total-price\">\n          {{cart.discount.formatted}}\n        </div>\n      </div>\n    {{/if}}\n\n    <div class=\"cart-preview-pricing\">\n      <div class=\"cart-preview-total-price-label\">{{lang 'cart.preview.total'}}</div>\n      <div class=\"cart-preview-total-price\">&nbsp; {{{cart.sub_total.formatted}}}</div>\n    </div>\n    <a href=\"{{urls.cart}}\" class=\"button button-tertiary\"><span>{{lang 'cart.preview.view_cart'}}</span></a>\n    <a href=\"{{urls.checkout.single_address}}\" class=\"button button-primary\">{{lang 'cart.preview.checkout.button'}}</a>\n  </div>\n\n{{else}}\n  <p class=\"cart-preview-empty\">{{lang 'cart.preview.checkout.empty_cart'}}</p>\n{{/if}}\n<div id=\"cart-preview-overlay\" class=\"cart-preview-overlay\"></div>\n","components/navigation-item":"{{#if children}}\n  <a href=\"#\" class=\"submenu-trigger\" data-submenu-trigger>{{name}}</a>\n  <ul class=\"dropdown nav-submenu\">\n    {{#if show_all}}\n      <li class=\"nav-submenu-item\">\n        <a href=\"{{url}}\">{{lang 'common.all_text'}} {{name}}</a>\n      </li>\n    {{/if}}\n    {{#each children}}\n      <li class=\"nav-submenu-item\">\n        {{> components/navigation-item}}\n      </li>\n    {{/each}}\n  </ul>\n{{else}}\n  <a href=\"{{url}}\">{{name}}</a>\n{{/if}}\n"}