{"components/brand/product-listing":"{{#if brand.products}}\n  <div class=\"collection-product-listing {{#if brand.faceted_search_enabled}}with-sidebar{{/if}}\">\n    <form action=\"/compare\" method=\"POST\" class=\"form {{#if brand.show_compare}}compare-enabled{{/if}}\" data-product-compare>\n      <div class=\"product-grid {{#if brand.faceted_search_enabled}}grid-l-3{{/if}} grid-m-2\">\n        {{#each brand.products}}\n          {{> components/product/product-item this\n            show_rating=settings.show_product_ratings\n            settings=../theme_settings\n            show_compare=../brand.show_compare show_wishlist=settings.show_wishlist}}\n        {{/each}}\n      </div>\n      {{#if brand.show_compare}}\n        {{> components/common/compare-tab}}\n      {{/if}}\n    </form>\n  </div>\n{{else}}\n  <div class=\"collection-empty\">\n    <h2 class=\"search-again\">{{lang 'search.empty'}}</h2>\n    <form class=\"faceted-search-form\" action=\"/search.php\">\n      <input class=\"faceted-search-input form-input\" name=\"search_query\" placeholder=\"{{lang 'search.placeholder'}}\" type=\"text\">\n      <button class=\"faceted-search-submit button button-primary\" type=\"submit\">{{lang 'search.submit'}}</button>\n    </form>\n  </div>\n{{/if}}\n\n{{#if brand.products.length}}\n  {{> components/common/pagination pagination.brand}}\n{{/if}}\n","components/product/product-item":"\n<article class=\"product-item\">\n\n  <figure class=\"product-item-thumbnail\">\n    {{#if settings.show_quickshop}}\n      <a href=\"{{url}}\" class=\"product-item-quickshop button button-secondary\" data-quick-shop data-product-id=\"{{id}}\">{{lang 'product.quickshop.view'}}</a>\n    {{/if}}\n\n    {{#if show_wishlist}}\n      <a class=\"product-item-wishlist\" href=\"{{add_to_wishlist_url}}\">\n        <svg class=\"icon-wishlist\">\n          <use xlink:href=\"#icon-wishlist\"></use>\n        </svg>\n        {{lang 'common.wishlist'}}\n      </a>\n    {{/if}}\n\n    {{#if show_compare}}\n      <div class=\"product-item-compare form-field form-field-common form-field-checkbox\">\n        <div class=\"form-field-control\">\n          <label class=\"form-label\" for=\"compare-{{id}}\">\n            <input type=\"checkbox\" class=\"form-input form-checkbox\" name=\"products[]\" value=\"{{id}}\" id=\"compare-{{id}}\">\n            <span class=\"form-label-text\">{{lang 'common.compare.title'}}</span>\n          </label>\n        </div>\n      </div>\n    {{/if}}\n\n    <a class=\"product-item-image\"\n       href=\"{{url}}\"\n       title=\"{{name}}\"\n       style=\"background-image: url({{getImage image 'gallery' (cdn settings.default_image)}})\"\n    >\n      <img src=\"{{getImage image 'account-product-thumbnail' (cdn settings.default_image)}}\" class=\"hide-for-ratio\" alt=\"{{image.alt}}\">\n    </a>\n  </figure>\n\n  <div class=\"product-item-details\">\n\n    <h3 class=\"product-item-title\">\n      <a href=\"{{url}}\" title=\"{{name}}\">{{name}}</a>\n    </h3>\n\n    <div class=\"product-item-price\">\n      {{> components/product/price\n        price=price\n        show_savings=false\n        schema_org=false\n        show_tax_labels=true\n        price_as_low_as=settings.price_as_low_as\n        sale_badges=settings.product_sale_badges\n      }}\n    </div>\n\n    <!-- {{!#if show_rating}} --><!-- Not respodning to theme setting -->\n      {{> components/product/product-rating rating=rating total=num_reviews}}\n      {{{snippet 'product_rating'}}}\n    <!-- {{!/if}} -->\n  </div>\n</article>\n","components/common/compare-tab":"<div class=\"compare-tab\" id=\"compare-tab\">\n  <div class=\"compare-tab-left\">\n    <div class=\"item-limit\">{{lang 'compare.compare_up_to_x_items' num=4}}</div>\n    <a href=\"#\" class=\"clear-compare\">{{lang 'compare.clear_compare' num=4}}</a>\n  </div>\n  <ul class=\"compare-items-list\" id=\"compare-items-wrapper\"></ul>\n  <input type=\"submit\" value=\"{{lang 'compare.compare_submit'}}\" class=\"button button-primary compare-submit\">\n</div>\n","components/common/pagination":"<div class=\"pagination\">\n  <ul class=\"pagination-list\">\n\n    {{#if previous}}\n      <li class=\"pagination-previous\">\n        <a class=\"pagination-link\" href=\"{{previous}}\">\n          {{lang 'core.pagination.previous'}}\n          <span class=\"pagination-page\">{{lang 'core.pagination.page'}}</span>\n        </a>\n      </li>\n    {{/if}}\n\n    {{#if links.length}}\n      <li class=\"pagination-item\">\n        <span class=\"pagination-page\">{{lang 'core.pagination.page'}}</span>\n      </li>\n      {{#each links}}\n        <li class=\"pagination-item\">\n          {{#if ../current \"!==\" number}}\n            <a class=\"pagination-link\" href=\"{{url}}\">{{number}}</a>\n          {{else}}\n            <span class=\"pagination-current\">{{number}}</span>\n          {{/if}}\n        </li>\n      {{/each}}\n    {{/if}}\n\n    {{#if next}}\n      <li class=\"pagination-next\">\n        <a class=\"pagination-link\" href=\"{{next}}\">\n          {{lang 'core.pagination.next'}}\n          <span class=\"pagination-page\">{{lang 'core.pagination.page'}}</span>\n        </a>\n      </li>\n    {{/if}}\n\n  </ul>\n</div>\n","components/product/price":"{{!\n  Shows a product's price.\n\n  Prices are fairly complicated. Besides having to be able to show the price\n  with and without tax, a merchant can also assign a Recommended Retail Price,\n  and a Sale Price.\n\n  This means that in extreme cases, we have to show 4 different prices at once.\n\n  When a Sale Price is set we do not have direct access to it--instead it\n  overwrites the regular price.\n\n  @param price object\n\n  @param show_tax_labels bool\n         If true, show a label saying the price is with or without tax.\n\n  @param show_savings bool\n         If true, show a label saying how much is saved from the full price.\n}}\n{{#if price}}\n  {{#or has_options product.options.length}}\n    <div class=\"price {{#all price.without_tax price.with_tax}}multiple-prices{{/all}}\">\n      {{#if price.without_tax}}\n        <span class=\"price-withouttax\" data-product-price-wrapper=\"without-tax\">\n\n          {{#if page_type '!==' 'product'}}\n            {{#if price_as_low_as}}\n              <span>{{lang 'product.as_low_as_price_message'}}</span>\n            {{/if}}\n          {{/if}}\n\n          {{#if price.rrp_without_tax}}\n            <span class=\"price-rrp\" data-price-rrp>\n              {{price.rrp_without_tax.formatted}}\n            </span>\n          {{/if}}\n\n          <span class=\"price-value\" data-product-price>\n            {{price.without_tax.formatted}}\n          </span>\n\n          {{#if show_tax_labels}}\n            {{#if price.with_tax}}\n              <span class=\"price-tax-label\">{{lang 'product.excluding_tax'}}</span>\n            {{/if}}\n          {{/if}}\n\n          {{#all\n            sale_badges\n            price.saved\n          }}\n            <span class=\"sale-badge\">\n              {{lang 'product.sale_badge'}}\n            </span>\n          {{/all}}\n        </span>\n      {{/if}}\n\n      {{#if price.with_tax}}\n        <span class=\"price-withtax\" data-product-price-wrapper=\"with-tax\">\n          {{#if page_type '!==' 'product'}}\n            {{#if price_as_low_as}}\n              <span>{{lang 'product.as_low_as_price_message'}}</span>\n            {{/if}}\n          {{/if}}\n\n          {{#if price.rrp_with_tax}}\n            <span class=\"price-rrp\" data-price-rrp>\n              {{price.rrp_with_tax.formatted}}\n            </span>\n          {{/if}}\n\n          <span class=\"price-value\" data-prodct-price>\n            {{price.with_tax.formatted}}\n          </span>\n\n          {{#if show_tax_labels}}\n            {{#if price.without_tax}}\n              <span class=\"price-tax-label\">{{lang 'product.including_tax'}}</span>\n            {{/if}}\n          {{/if}}\n\n          {{#all sale_badges\n            price.saved}}\n            <span class=\"sale-badge\">\n              {{lang 'product.sale_badge'}}\n            </span>\n          {{/all}}\n        </span>\n        <!-- Review count after price -->\n        {{#if page_type '==' 'product'}}\n        \t<span class=\"ratings-count-text\" style=\"margin-left: -5px;\">with Free Shipping, Gift Wrap and Returns.</span>\n        {{/if}}\n\t        \n      {{/if}}\n\n      {{#if show_savings}}\n        {{#if price.saved}}\n          <span class=\"price-saved\" data-product-price-saved>\n            {{lang 'core.price.you_save' amount=price.saved.formatted}}\n          </span>\n        {{/if}}\n      {{/if}}\n    </div>\n  {{else}}\n    <div class=\"price {{#all price.without_tax price.with_tax}}multiple-prices{{/all}}\">\n\n      {{#if price.without_tax}}\n        <span class=\"price-withouttax\" data-product-price-wrapper=\"without-tax\">\n\n          {{#if price.rrp_without_tax}}\n            <span class=\"price-rrp\" data-price-rrp>\n              {{price.rrp_without_tax.formatted}}\n            </span>\n          {{/if}}\n\n          <span class=\"price-value\" data-product-price>\n            {{price.without_tax.formatted}}\n          </span>\n\n          {{#if show_tax_labels}}\n            {{#if price.with_tax}}\n              <span class=\"price-tax-label\">{{lang 'product.excluding_tax'}}</span>\n            {{/if}}\n          {{/if}}\n\n          {{#all\n            sale_badges\n            price.saved\n          }}\n            <span class=\"sale-badge\">\n              {{lang 'product.sale_badge'}}\n            </span>\n          {{/all}}\n        </span>\n      {{/if}}\n\n      {{#if price.with_tax}}\n        <span class=\"price-withtax\" data-product-price-wrapper=\"with-tax\">\n\n          {{#if price.rrp_with_tax}}\n            <span class=\"price-rrp\" data-price-rrp>\n              {{price.rrp_with_tax.formatted}}\n            </span>\n          {{/if}}\n\n          <span class=\"price-value\" data-prodct-price>\n            {{price.with_tax.formatted}}\n          </span>\n\n          {{#if show_tax_labels}}\n            {{#if price.without_tax}}\n              <span class=\"price-tax-label\">{{lang 'product.including_tax'}}</span>\n            {{/if}}\n          {{/if}}\n\n          {{#all\n            sale_badges\n            price.saved\n          }}\n            <span class=\"sale-badge\">\n              {{lang 'product.sale_badge'}}\n            </span>\n          {{/all}}\n        </span>\n      {{/if}}\n\n      {{#if show_savings}}\n        {{#if price.saved}}\n          <span class=\"price-saved\" data-product-price-saved>\n            {{lang 'core.price.you_save' amount=price.saved.formatted}}\n          </span>\n        {{/if}}\n      {{/if}}\n    </div>\n  {{/or}}\n{{/if}}\n","components/product/product-rating":"\n<div class=\"product-rating\">\n  <div class=\"rating-stars-readonly\" aria-hidden=\"true\">\n    {{#enumerate 1 5}}\n      {{#compare ../this.rating this operator='>='}}\n        <svg class=\"rating-star star-full\">\n          <use xlink:href=\"#icon-star\"></use>\n        </svg>\n      {{else}}\n        <svg class=\"rating-star star-empty\" style=\"display: none;\">\n          <use xlink:href=\"#icon-star-empty\"></use>\n        </svg>\n      {{/compare}}\n    {{/enumerate}}\n  </div>\n  <!-- <span class=\"rating-total-score visually-hidden\">{{this.rating}}</span> -->\n  {{#if this.total}}\n    <span class=\"rating-total-votes\">(<a href=\"#\">{{this.total}}</a>)</span>\n  {{/if}}\n</div>\n"}