{"en":"{\n  \"header\": {\n    \"search\": \"Search\"\n  },\n  \"home\": {\n    \"heading\": \"Home\",\n    \"new_products\": \"New Products\",\n    \"featured_products\": \"Featured Products\"\n  },\n  \"blog\": {\n    \"recent_posts\": \"Recent Posts\",\n    \"label\": \"Blog\",\n    \"read_more\": \"Read More\",\n    \"posted_by\": \"by {author}\",\n    \"author\": \"Author:\",\n    \"tags\": \"Tags:\",\n    \"tag_permalink\": \"Permalink to the '{tag}' archive\"\n  },\n  \"cart\": {\n    \"title\": \"Shopping Cart\",\n    \"quantity\": \"Quantity\",\n    \"update\": \"Update\",\n    \"price\": \"Each\",\n    \"subtotal\": \"Subtotal\",\n    \"total\": \"Grand Total\",\n    \"checkout\": \"Checkout\",\n    \"empty\": \"Your Shopping cart is empty.\",\n    \"continue_shopping\": \"Continue Shopping\",\n    \"discount\": \"Discount\",\n    \"coupon_codes\": {\n      \"label\": \"Coupon: {code}\",\n      \"remove\": \"Remove\",\n      \"coupon_code\": \"Coupon Code\",\n      \"add_code\": \"Add Code\",\n      \"change_code\": \"Change\",\n      \"enter_code\": \"Enter Your Coupon Code\",\n      \"submit\": \"Apply\",\n      \"error\": \"Please enter your coupon code.\"\n    },\n    \"order\": {\n      \"complete_header\": \"Order Complete\",\n      \"complete_message\": \"Your order is complete. How awesome is that!\"\n    },\n    \"preview\": {\n      \"items\": \"{NUM, plural, =0{(0 items)} one {(# item)} other {(# items)}}\",\n      \"label\": \"Cart\",\n      \"total\": \"Subtotal\",\n      \"title\": \"Your Cart\",\n      \"quantity\": \"Qty:\",\n      \"remove\": \"Remove\",\n      \"view_cart\": \"View or edit your cart\",\n      \"checkout\": {\n        \"empty_cart\": \"Your cart is empty\",\n        \"title\": \"Checkout\",\n        \"button\": \"Checkout\"\n      }\n    },\n    \"product\": {\n      \"product\": \"Item\",\n      \"each\": \"Each\",\n      \"quantity\": \"Quantity\",\n      \"total\": \"Total\",\n      \"change\": \"Change Options\",\n      \"remove\": \"Remove\"\n    },\n    \"gift_certificates\": {\n      \"add_code\": \"Add Certificate\",\n      \"gift_certificate\": \"Gift Certificate\",\n      \"label\": \"Gift Certificate: {code}\",\n      \"enter_code\": \"Enter your Certificate Code\",\n      \"error\": \"Please enter your valid certificate code.\",\n      \"remove\": \"Remove\",\n      \"submit\": \"Apply\"\n    },\n    \"shipping_calculator\": {\n      \"title\": \"Shipping\",\n      \"add_info\": \"Estimate Shipping\",\n      \"select_a_country\": \"Choose a Country\",\n      \"select_a_state\": \"Choose a State/Province\",\n      \"estimate_shipping\": \"Estimate Shipping\",\n      \"zip_postal_code\": \"Zip/Postcode\",\n      \"select\": \"Select\",\n      \"error\": \"Error\"\n    },\n    \"gift_wrapping\": {\n      \"title\": \"Wrapping: \",\n      \"heading\": \"Gift Wrapping\",\n      \"close\": \"Close\",\n      \"add\": \"Add\",\n      \"change\": \"Change\",\n      \"change_or\": \"or\",\n      \"remove\": \"Remove\",\n      \"gift_message\": \"Gift Message\",\n      \"choose_how\": \"Please choose how you'd like to have this item gift wrapped.\",\n      \"preview\": \"(Preview)\",\n      \"remove_confirm\": \"Are you sure you want to remove the gift wrap option from this item?\",\n      \"option_same\": \"I'd like to wrap each of these using the same wrapping option\",\n      \"option_different\": \"I'd like to gift wrap each item separately\",\n      \"item_single\": \"Wrap: {name}\",\n      \"item_multiple\": \"Item {index}: {name}\",\n      \"choose_type\": \"Select wrapping option\"\n    }\n  },\n  \"common\": {\n    \"currency_converter\": \"Currency Converter\",\n    \"form_submit\": \"Submit\",\n    \"prices_are_in\": \"Prices are in {CODE}\",\n    \"gift_certificates\": \"Gift Certificates\",\n    \"wishlist\": \"Wishlist\",\n    \"theme_attribution\": \"{theme_name} theme by {developed}, powered by {powered_by}.\",\n    \"required\": \"Required\",\n    \"share_this\": \"Share This\",\n    \"sitemap\": \"Sitemap\",\n    \"show_all\": \"Show All\",\n    \"shop_all\": \"Shop\",\n    \"all_text\": \"All\",\n    \"back_text\": \"BACK\",\n    \"more_pages\": \"More\",\n    \"home_link\": \"Home\",\n    \"newsletter\": {\n      \"heading\": \"Sign up for our newsletter\",\n      \"submit\": \"Subscribe\",\n      \"email\": \"Email\",\n      \"subscribed_heading\": \"Thanks for subscribing!\",\n      \"subscribed_heading_error\": \"Oops... something went wrong\",\n      \"subscribed_message\": \"Thank you for joining our mailing list. You'll be sent the next issue of our newsletter shortly\",\n      \"unsubscribed_heading\": \"Unsubscribed!\",\n      \"unsubscribed_message\": \"You will no longer receive marketing emails from {store_name}\"\n    },\n    \"account\": {\n      \"account\": \"Account\",\n      \"my_account\": \"My Account\",\n      \"logged_in_as\": \"Logged in as {name}\",\n      \"log_out\": \"Log out\",\n      \"log_in\": \"Log in\",\n      \"sign_up\": \"Sign up\"\n    },\n    \"compare\": {\n      \"title\": \"Compare\",\n      \"one_item\": \"Select items to compare...\",\n      \"items\": \"Comparing *num* items\",\n      \"remove\": \"Remove\"\n    },\n    \"footer\": {\n      \"pages\": \"Pages\",\n      \"categories\": \"Categories\",\n      \"brands\": \"Brands\",\n      \"all\": \"All\",\n      \"social\": \"Social\"\n    }\n  },\n  \"category\": {\n    \"label\": \"Categories\",\n    \"subcategories\": \"Subcategories\",\n    \"shop_by_price\": \"Shop by Price\",\n    \"shop_by_brand\": \"Shop by Brand\",\n    \"empty\": \"There are no products in this category.\",\n    \"reset\": \"Reset\"\n  },\n  \"brand\": {\n    \"label\": \"Brands\",\n    \"view_brands\": \"View all brands\",\n    \"empty\": \"There are no products with this brand.\"\n  },\n  \"faceted_search\": {\n    \"clear\": \"Clear\",\n    \"clear_all\": \"Clear Filters\",\n    \"max_price\": \"Max price\",\n    \"min_price\": \"Min price\",\n    \"show_more\": \"Show more\",\n    \"update\": \"Update\",\n    \"show_less\": \"Show Less\"\n  },\n  \"sorter\": {\n    \"sort_by\": \"Sort By:\",\n    \"featured\": \"Featured Items\",\n    \"top_sellers\": \"Best Selling\",\n    \"newest\": \"Newest Items\",\n    \"alpha_asc\": \"A to Z\",\n    \"alpha_desc\": \"Z to A\",\n    \"reviews\": \"By Review\",\n    \"price_asc\": \"Price: Ascending\",\n    \"price_desc\": \"Price: Descending\"\n  },\n  \"page\": {\n    \"label\": \"Quick Links\"\n  },\n  \"contact\": {\n    \"full_name\": \"Full Name:\",\n    \"full_name_placeholder\": \"Enter your name\",\n    \"phone\": \"Phone Number:\",\n    \"phone_placeholder\": \"(555) 555-5555\",\n    \"email\": \"Email Address:\",\n    \"email_placeholder\": \"Email Address\",\n    \"order\": \"Order Number:\",\n    \"order_placeholder\": \"Order #\",\n    \"question\": \"Question:\",\n    \"question_placeholder\": \"Tell us what we can do for you.\",\n    \"submit\": \"Send Message\",\n    \"success\": \"Thanks for the message! You should expect to hear from us shortly.\"\n  },\n  \"errors\": {\n    \"submit\": \"Search\",\n    \"placeholder\": \"What are you looking for?\",\n    \"forbidden\": {\n      \"title\": \"403 Error - Forbidden\",\n      \"message\": \"Uh oh, you're not allowed to be here. Nothing to see, please move along.\"\n    },\n    \"page_not_found\": {\n      \"title\": \"404 Error - Page not found\",\n      \"message\": \"Uh oh, looks like the page you are looking for has moved or no longer exists.\"\n    },\n    \"server_error\": {\n      \"title\": \"500 Error - Internal error\",\n      \"message\": \"Uh oh, looks like something went wrong.\"\n    },\n    \"generic\": {\n      \"title\": \"Something went wrong\",\n      \"message\": \"Sorry, something went wrong when attempting to build this page. Please try again later.\"\n    }\n  },\n  \"product\": {\n    \"excluding_tax\": \"(excl. tax)\",\n    \"including_tax\": \"(incl. tax)\",\n    \"you_save\": \"You save\",\n    \"quantity\": \"Quantity\",\n    \"pre_order\": \"Pre-Order\",\n    \"add_to_cart\": \"Add To Cart\",\n    \"select_an_option\": \"Please Choose An Option\",\n    \"related_products\": \"Similar Items\",\n    \"view_product\": \"View Full Details\",\n    \"choose_options\": \"Choose Options\",\n    \"sold_out\": \"Sold Out\",\n    \"pick_one\": \"Pick one\",\n    \"quick_view\": \"Quick view\",\n    \"none\": \"None\",\n    \"success\": \"*product* successfully added to cart\",\n    \"cart_link\": \"View Cart\",\n    \"checkout_link\": \"Check Out\",\n    \"home_link\": \"continue shopping\",\n    \"error_message_general\": \"We were unable to add this product to your cart. Please try again later. Contact us if you continue to have issues.\",\n    \"error_message_stock\": \"Unfortunately, we do not have *quantity* in stock.\",\n    \"as_low_as_price_message\": \"as low as \",\n    \"sale_badge\": \"Sale\",\n    \"detail\": {\n      \"sku\": \"SKU\",\n      \"weight\": \"Weight\",\n      \"height\": \"Height\",\n      \"width\": \"Width\",\n      \"depth\": \"Depth\",\n      \"availability\": \"Availability\",\n      \"shipping\": \"Shipping\",\n      \"min_purchase\": \"Minimum purchase\",\n      \"max_purchase\": \"Maximum purchase\",\n      \"stock_level\": \"Stock\",\n      \"gift_wrapping\": {\n        \"title\": \"Gift Wrapping\",\n        \"available\": \"Available\"\n      }\n    },\n    \"price\": {\n      \"with_tax\": \"(Incl. {tax_label})\",\n      \"without_tax\": \"(Excl. {tax_label})\",\n      \"you_save\": \"(You save {amount})\"\n    },\n    \"reviews\": {\n      \"heading\": \"Product Reviews\",\n      \"write_review\": \"Write a Review\",\n      \"no_reviews\": \"Be the first to\",\n      \"total_based_on\": \"<strong>Score: {score} out of 5</strong> (based on {numReviews, plural, one{# rating} other{# ratings}})\",\n      \"leave_review\": \"leave a review\",\n      \"rating_label\": \"Your Rating\",\n      \"stars_count\": \"{NUM, plural, one {# star} other {# stars}} & Up\",\n      \"written_by_on\": \"Written by {name} on {date}\",\n      \"view_all\": \"View all {count} reviews\",\n      \"view_less\": \"View Less\",\n      \"num_reviews\": \"({numReviews})\",\n      \"form\": {\n        \"name\": \"First Name and Initial\",\n        \"your_name\": \"Your Name\",\n        \"subject\": \"Review Title\",\n        \"your_subject\": \"Your Review Subject\",\n        \"email\": \"Email Address\",\n        \"your_email\": \"Your Email Address\",\n        \"comments\": \"What did you like about this item and our services?\",\n        \"your_comments\": \"Your Comments\",\n        \"submit\": \"Submit Review\"\n      }\n    },\n    \"quickshop\": {\n      \"view\": \"Quick View\"\n    },\n    \"tabs\": {\n      \"description\": \"Overview\",\n      \"details\": \"Other Details\",\n      \"videos\": \"Videos\",\n      \"warranty\": \"Product Details\"\n    },\n    \"bulk_pricing\": {\n      \"title\": \"Bulk Pricing\",\n      \"range\": \"Buy {min} {max, plural, =0{or above} other {- #}}\",\n      \"percent\": \"and get {discount} off\",\n      \"price\": \"and get {discount} off\",\n      \"fixed\": \"and pay only {discount} each\"\n    }\n  },\n  \"compare\": {\n    \"title\": \"Compare Products\",\n    \"remove\": \"Remove\",\n    \"compare_up_to_x_items\": \"Compare up to {num} items:\",\n    \"clear_compare\": \"Clear Selection\",\n    \"compare_submit\": \"Compare\",\n    \"rating\": \"Rating\",\n    \"no_rating\": \"No rating\",\n    \"description\": \"Description\",\n    \"availability\": \"Availability\"\n  },\n  \"search\": {\n    \"results\": \"Search Results for \\\"{term}\\\" {total, plural, =0{0 Results} one {# Result} other {# Results}}\",\n    \"try_again\": \"Please try another search\",\n    \"empty\": \"Sorry, nothing here\",\n    \"placeholder\": \"What are you looking for?\",\n    \"submit\": \"Search\"\n  },\n  \"forms\": {\n    \"validation\": {\n      \"required\": \"This field is required.\",\n      \"email\": \"Your E-mail address appears to be invalid.\",\n      \"number\": \"You can enter only numbers in this field.\",\n      \"num_max\": \"Please enter a number less than {max}.\",\n      \"num_min\": \"Please enter a number greater than {min}.\",\n      \"num_range\": \"Please enter a number greater than {min} and less than {max}.\",\n      \"max_length\": \"Maximum {count} characters allowed.\",\n      \"min_length\": \"Minimum {count} characters allowed.\",\n      \"max_checked\": \"Maximum {count} options allowed.\",\n      \"min_checked\": \"Please select minimum {count} options.\",\n      \"max_selected\": \"Maximum {count} selection allowed.\",\n      \"min_selected\": \"Minimum {count} selection allowed.\",\n      \"not_equal\": \"Fields do not match.\",\n      \"different\": \"Fields cannot be the same as each other.\",\n      \"pick_theme\": \"Please select a theme.\",\n      \"terms_agree\": \"You must agree to these terms before continuing.\"\n    },\n    \"address\": {\n      \"add\": {\n        \"heading\": \"Add New Address\",\n        \"description\": \"Use the form below to change any/all details of your shipping address. Click the 'Save Address' button when you are done.\"\n      },\n      \"edit\": {\n        \"heading\": \"Update Address\"\n      },\n      \"submit_value\": \"Save Address\"\n    },\n    \"swatches_none_selected\": \"None Selected\",\n    \"date\": {\n      \"day\": \"Day\",\n      \"month\": \"Month\",\n      \"year\": \"Year\",\n      \"bounds\": \"Between {start_date} and {end_date}.\"\n    },\n    \"file\": {\n      \"upload\": \"Upload\",\n      \"types\": \"Allowed file types: {file_types}.\",\n      \"size\": \"Maximum file size: {bytes} KB.\"\n    }\n  },\n  \"core\": {\n    \"pagination\": {\n      \"page\": \"Page\",\n      \"of\": \"of\",\n      \"previous\": \"Previous\",\n      \"next\": \"Next\"\n    },\n    \"product\": {\n      \"compare\": \"Compare\",\n      \"sale\": \"On Sale\",\n      \"pick_one\": \"Pick one\",\n      \"quickshop\": {\n        \"view\": \"Quick View\"\n      }\n    },\n    \"rating\": {\n      \"total_votes\": \"({votes})\"\n    },\n    \"price\": {\n      \"with_tax\": \"(Inc. {tax_label})\",\n      \"without_tax\": \"(Ex. {tax_label})\",\n      \"you_save\": \"(You save {amount})\"\n    },\n    \"contact\": {\n      \"full_name\": \"Full Name\",\n      \"full_name_placeholder\": \"Full Name\",\n      \"phone\": \"Phone Number\",\n      \"phone_placeholder\": \"Phone Number\",\n      \"email\": \"Email Address\",\n      \"email_placeholder\": \"Email Address\",\n      \"order\": \"Order Number\",\n      \"order_placeholder\": \"Order Number\",\n      \"company\": \"Company Name\",\n      \"company_placeholder\": \"Company Name\",\n      \"rma\": \"RMA Number\",\n      \"rma_placeholder\": \"RMA Number\",\n      \"captcha\": \"Are you human?\",\n      \"captcha_placeholder\": \"Captcha\",\n      \"question\": \"Comments/Questions\",\n      \"question_placeholder\": \"Enter your comments here\",\n      \"submit\": \"Submit Message\",\n      \"successful\": \"We've received your feedback and will respond shortly if required. <a href=\\\"{shopPath}\\\">Continue</a>.\"\n    },\n    \"giftcard\": {\n      \"heading\": \"Gift Certificates\",\n      \"purchase\": {\n        \"heading\": \"Purchase Gift Certificate\",\n        \"subheading\": \"This gift certificate will be emailed to the recipient after your order has been paid for.\",\n        \"to_name\": \"Recipient's Name\",\n        \"to_email\": \"Recipient's Email\",\n        \"from_name\": \"Your Name\",\n        \"from_email\": \"Your Email\",\n        \"message\": \"Message (optional)\",\n        \"amount\": \"Amount\",\n        \"preview\": \"Preview Theme\",\n        \"theme\": \"Gift Certificate Theme\",\n        \"custom_range\": \"(Value must be between {min} and {max})\",\n        \"agree\": \"I understand that Gift Certificates expire after {days, plural, one {1 day} other {# days}}\",\n        \"agree2\": \"I agree that Gift Certificates are nonrefundable\",\n        \"submit_value\": \"Add Gift Certificate to Cart\",\n        \"update_value\": \"Update Gift Certificate\"\n      },\n      \"balance\": {\n        \"heading\": \"Check Gift Certificate Balance\",\n        \"subheading\": \"You can check the balance of a gift certificate by typing the code in to the box below.\",\n        \"code\": \"Gift Certificate Code\",\n        \"submit_value\": \"Check Balance\"\n      },\n      \"redeem\": {\n        \"heading\": \"Redeem Gift Certificate\",\n        \"subheading\": \"To redeem a gift certificate at {store_name}, follow the simple steps below.\",\n        \"item1\": \"You need your unique gift certificate code, which is part of the gift certificate that was emailed to you as an attachment. It will look something like Z50-Y6K-COS-402.\",\n        \"item2\": \"Browse the store and add items to your cart as you normally would.\",\n        \"item3\": \"Click the '<a href=\\\"{cart_url}\\\">View Cart</a>' link to view the contents of your shopping cart.\",\n        \"item4\": \"Type your gift certificate code in to the 'Redeem Gift Certificate' box and click 'Go'.\"\n      }\n    },\n    \"account\": {\n      \"common\": {\n        \"yes\": \"Yes\",\n        \"no\": \"No\",\n        \"edit\": \"Edit\",\n        \"delete\": \"Delete\",\n        \"share\": \"Share\",\n        \"required\": \"Required\",\n        \"cancel\": \"Cancel\",\n        \"store_credit\": \"You have <strong>{store_credit}</strong> of store credit. To use it, simply place your order and you will be able to choose store credit as the payment method when it comes time to pay for your order.\"\n      },\n      \"menu\": {\n        \"orders\": \"Orders\",\n        \"returns\": \"Returns\",\n        \"addresses\": \"Addresses\",\n        \"wishlists\": \"Wishlists\",\n        \"recently_viewed\": \"Recently Viewed\",\n        \"settings\": \"Account Settings\",\n        \"messages\": \"Messages\"\n      },\n      \"receipt\": {\n        \"heading\": \"Order #{number}\",\n        \"billing_title\": \"Bill To\",\n        \"shipping_title\": \"Ship To\",\n        \"ship_to_multi_text\": \"Order will be shipped to multiple addresses.\",\n        \"actions\": {\n          \"print_invoice\": \"Print Invoice\",\n          \"reorder_items\": \"Reorder\",\n          \"return_items\": \"Request Return\"\n        },\n        \"items\": {\n          \"title\": \"Items\",\n          \"product_title\": \"{quantity} × {name}\",\n          \"options\": \"Options\",\n          \"customizations\": \"Customizations\",\n          \"gift_wrapping\": \"Gift wrapping\",\n          \"refunded\": \"Refunded\",\n          \"reorder\": \"Reorder\",\n          \"download\": \"Download items\"\n        },\n        \"shipments\": {\n          \"title\": \"Shipments\",\n          \"date\": \"Date\",\n          \"provider\": \"Provider\",\n          \"link\": \"Tracking Number\"\n        }\n      },\n      \"return\": {\n        \"heading\": \"Return Items from Order #{id}\",\n        \"empty\": \"This order contains no products that can be returned. Have you already returned all of the items within this order?\",\n        \"order_item\": \"Item\",\n        \"item_price\": \"Price\",\n        \"quantity\": \"Qty To Return\",\n        \"reason\": \"Return Reason\",\n        \"action\": \"Return Action\",\n        \"comments\": \"Comments\",\n        \"request_return\": \"Submit Return Request\"\n      },\n      \"download\": {\n        \"heading\": \"{name} (#{number})\",\n        \"expired\": \"File has expired\",\n        \"days_remaining\": \"{days} days remaining\",\n        \"downloads_remaining\": \"{downloads} downloads remaining\"\n      },\n      \"invoice\": {\n        \"heading\": \"Order #{number}\",\n        \"billing_title\": \"Bill To\",\n        \"product_title\": \"Item\",\n        \"quantity_title\": \"Quantity\",\n        \"price_title\": \"Price\",\n        \"giftwrap\": \"Giftwrapping\",\n        \"quantity\": \"{quantity} × {price}\"\n      },\n      \"orders\": {\n        \"heading_all\": \"Orders\",\n        \"heading_completed\": \"Completed Orders\",\n        \"view_all\": \"View All\",\n        \"items\": {\n          \"number\": \"Order #{number}\",\n          \"description\": \"{num_products, plural, one {1 item} other {# items}} totaling {cost}\",\n          \"placed\": \"Placed On\",\n          \"updated\": \"Updated On\",\n          \"empty\": \"You haven't placed any orders yet.\"\n        }\n      },\n      \"addresses\": {\n        \"heading\": \"Addresses\",\n        \"add_heading\": \"Add New Address\",\n        \"edit_heading\": \"Edit Address\",\n        \"primary\": \"Primary\",\n        \"phone\": \"Phone: {phone_number}\",\n        \"new_address\": \"New Address\",\n        \"no_addresses\": \"You currently have no addresses added to your profile\",\n        \"submit\": \"Save Address\"\n      },\n      \"wishlists\": {\n        \"heading\": \"Wishlists\",\n        \"new\": \"New Wishlist\",\n        \"num_items\": \"# Items\",\n        \"add_item\": \"Add to wishlist\",\n        \"wishlist_name\": \"Wishlist Name\",\n        \"make_public\": \"Make wishlist public\",\n        \"public\": \"Public\",\n        \"action\": \"Action\",\n        \"add\": \"Add Wishlist\",\n        \"delete_all\": \"Delete All\",\n        \"edit\": \"Edit Wishlist\",\n        \"view_heading\": \"Wishlist: {name}\",\n        \"share_intro\": \"Share this wishlist with friends\",\n        \"wishlist_contents\": \"Wishlist Contents\",\n        \"num_products\": \"{num_products, plural, one {1 product} other {# products}}\",\n        \"create\": \"Create Wishlist\",\n        \"save\": \"Save Wishlist\",\n        \"compare\": \"Compare\",\n        \"empty\": \"You have no wishlists.\",\n        \"details_empty\": \"There are no items in this wishlist.\"\n      },\n      \"recent_items\": {\n        \"heading\": \"Recently Viewed\",\n        \"compare\": \"Compare\",\n        \"empty\": \"You haven't viewed any items recently.\"\n      },\n      \"returns\": {\n        \"heading\": \"Returns\",\n        \"successful\": \"Your return was submitted successfully. We'll respond as soon as we can.\",\n        \"no_returns\": \"You haven't made any returns yet.\",\n        \"list\": {\n          \"title\": \"{quantity} × {name}\",\n          \"number\": \"Return #{number}\",\n          \"date\": \"Requested\",\n          \"action\": \"Action\",\n          \"reason\": \"Reason\",\n          \"comments\": \"Comments\"\n        },\n        \"status\": {\n          \"pending\": \"Pending\",\n          \"received\": \"Received\",\n          \"authorized\": \"Authorized\",\n          \"repaired\": \"Repaired\",\n          \"refunded\": \"Refunded\",\n          \"rejected\": \"Rejected\",\n          \"cancelled\": \"Cancelled\"\n        }\n      },\n      \"settings\": {\n        \"heading\": \"Account Settings\",\n        \"first_name\": \"First Name\",\n        \"last_name\": \"Last Name\",\n        \"company\": \"Company\",\n        \"phone\": \"Phone Number\",\n        \"submit\": \"Update Details\"\n      },\n      \"messages\": {\n        \"heading\": \"Messages\",\n        \"customer_said\": \"You said:\",\n        \"merchant_said\": \"{store_name} said:\",\n        \"no_messages\": \"You have no messages at this time.\",\n        \"list\": {\n          \"message_date\": \"Date\",\n          \"message_subject\": \"Subject\",\n          \"message_name\": \"Message\"\n        }\n      },\n      \"inbox\": {\n        \"order\": \"Order\",\n        \"order_pick_one\": \"Select an order...\",\n        \"order_display\": \"Order #{id} / {date} / {total}\",\n        \"subject\": \"Subject\",\n        \"message\": \"Message\",\n        \"show_form\": \"Send Message\",\n        \"submit\": \"Send Message\",\n        \"clear\": \"Clear\"\n      },\n      \"products\": {\n        \"current_stock\": \"Current Stock:\",\n        \"quantity\": \"Quantity:\",\n        \"quantity_decrease\": \"Decrease Quantity:\",\n        \"quantity_increase\": \"Increase Quantity:\",\n        \"related_products\": \"Related Products\",\n        \"top\": \"Most Popular Products\",\n        \"similar_by_views\": \"Customers Also Viewed\",\n        \"featured\": \"Featured Products\",\n        \"new\": \"New Products\",\n        \"tabs\": {\n          \"details\": \"Details\",\n          \"reviews\": \"Reviews\",\n          \"delivery\": \"Delivery\"\n        },\n        \"reviews\": {\n          \"captcha_heading\": \"Security Question\",\n          \"hide\": \"Hide Reviews\",\n          \"new\": \"Write a Review\",\n          \"show\": \"Show Reviews\",\n          \"header\": \"{total, plural, =0{0 Reviews} one {# Review} other {# Reviews}}\",\n          \"rating_label\": \"Rating\",\n          \"link_to_review\": \"({total, plural, =0{No reviews yet} one {# review} other {# reviews}})\",\n          \"post_on_by\": \"Posted by { name } on { date }\",\n          \"select_rating\": \"Select Rating\",\n          \"anonymous_poster\": \"Unknown\",\n          \"rating\": {\n            \"1\": \"1 star (worst)\",\n            \"2\": \"2 stars\",\n            \"3\": \"3 stars (average)\",\n            \"4\": \"4 stars\",\n            \"5\": \"5 stars (best)\"\n          },\n          \"write_a_review\": \"Write a Review\",\n          \"form_write\": {\n            \"name\": \"Name\",\n            \"email\": \"Email\",\n            \"subject\": \"Review Subject\",\n            \"comments\": \"Comments\",\n            \"submit_value\": \"Submit Review\"\n          }\n        },\n        \"videos\": {\n          \"header\": \"Videos\",\n          \"hide\": \"Hide Videos\",\n          \"show\": \"Show Videos\"\n        },\n        \"add_to_cart\": \"Add to Cart\",\n        \"options\": \"Options\",\n        \"sku\": \"SKU\",\n        \"condition\": \"Condition\",\n        \"availability\": \"Availability\",\n        \"shipping\": \"Shipping Cost\",\n        \"shipping_fixed\": \"{amount} (Fixed Shipping Cost)\",\n        \"shipping_free\": \"Free Shipping\",\n        \"sold_out\": \"Sold Out\",\n        \"pre_order\": \"Pre-Order Now\",\n        \"choose_options\": \"Choose Options\",\n        \"quick_view\": \"Quick view\",\n        \"compare\": \"Compare\",\n        \"upload\": \"Upload\",\n        \"max_filesize\": \"Maximum file size is: {bytes}KB\",\n        \"filetypes\": \"File types are: {file_types}\",\n        \"choose_an_option\": \"Please choose an option\",\n        \"select_one\": \"Please select one\",\n        \"description\": \"Description\",\n        \"retail_price\": \"MSRP {price}\",\n        \"price_with_tax\": \"{price} (Inc. {tax_label})\",\n        \"price_without_tax\": \"{price} (Ex. {tax_label})\",\n        \"weight\": \"Weight\",\n        \"you_save\": \"(You save {amount})\"\n      }\n    },\n    \"invoice\": {\n      \"for_order\": \"{name} Invoice for Order #{id}\",\n      \"phone\": \"Phone: {number}\",\n      \"email\": \"Email: {email}\",\n      \"order\": \"Order:\",\n      \"payment_method\": \"Payment Method:\",\n      \"order_date\": \"Order Date:\",\n      \"shipping_method\": \"Shipping Method:\",\n      \"order_items\": \"Order Items\",\n      \"qty\": \"Qty\",\n      \"code\": \"Code/SKU\",\n      \"shipping_address\": \"Shipping Address\",\n      \"product_name\": \"Product Name\",\n      \"price\": \"Price\",\n      \"total\": \"Total\",\n      \"comments\": \"Comments\"\n    },\n    \"auth\": {\n      \"login\": {\n        \"login_form\": {\n          \"heading\": \"Log in\",\n          \"email_address\": \"Email Address\",\n          \"password\": \"Password\",\n          \"submit\": \"Log In\",\n          \"forgot_password\": \"Forgot password?\"\n        },\n        \"create_form\": {\n          \"heading\": \"New Customer\",\n          \"intro\": \"Create an account with us and you'll be able to:\",\n          \"fact_faster\": \"Check out faster\",\n          \"fact_addresses\": \"Save multiple shipping addresses\",\n          \"fact_order_history\": \"Access your order history\",\n          \"fact_track_orders\": \"Track new orders\",\n          \"fact_wishlist\": \"Save items to your wish list\",\n          \"create_account\": \"Create Account\"\n        }\n      },\n      \"create\": {\n        \"heading\": \"Create Account\",\n        \"submit\": \"Create Account\"\n      },\n      \"created\": {\n        \"heading\": \"Account Created\",\n        \"message\": \"Your <em>{store_name}</em> account was created with the email address: <em>{email}</em>\",\n        \"continue\": \"Continue\"\n      },\n      \"new_password\": {\n        \"heading\": \"New Password\",\n        \"password\": \"New Password\",\n        \"password2\": \"Confirm Password\",\n        \"submit\": \"Update Password\",\n        \"passwords_no_match\": \"Your passwords do not match.\"\n      },\n      \"forgot\": {\n        \"heading\": \"Forgot Password\",\n        \"message\": \"Fill in your email below to request a new password. An email will be sent to the address below containing a link to verify your email address.\",\n        \"email_address\": \"Email Address\",\n        \"submit\": \"Reset Password\"\n      }\n    },\n    \"unavailable\": {\n      \"maintenance_heading\": \"Down for maintenance\",\n      \"maintenance_message\": \"This store is currently unavailable due to maintenance. It should be available again shortly. We apologize for any inconvenience caused.\",\n      \"hibernation_heading\": \"We'll be back\",\n      \"hibernation_message\": \"Thanks for visiting. Our store is currently unavailable. We apologize for any inconvenience caused.\"\n    }\n  }\n}\n"}