[{"name":"Product Settings","settings":[{"type":"checkbox","label":"Automatically send the client to the Cart page after adding a product","id":"product_purchase_disable_ajax","force_reload":true},{"type":"checkbox","label":"Show Extra Product Details (height, width etc.)","id":"show_product_details","force_reload":true},{"type":"select","label":"Number of Product Reviews","id":"product_review_count","force_reload":true,"options":[{"value":2,"label":"2"},{"value":4,"label":"4"},{"value":6,"label":"6"},{"value":8,"label":"8"},{"value":10,"label":"10"},{"value":12,"label":"12"},{"value":999,"label":"Show all"}]}]},{"name":"Product Grid Settings","settings":[{"type":"select","label":"Image aspect ratio","id":"product_image_aspect_ratio","options":[{"value":"default-ratio","label":"Use Image Dimensions"},{"value":"one-by-one","label":"1:1 (Square)"},{"value":"four-by-five","label":"4:5"},{"value":"two-by-three","label":"2:3"}],"force_reload":true},{"type":"select","label":"Number of Products per page","id":"product_count","force_reload":true,"options":[{"value":12,"label":"12"},{"value":15,"label":"15"},{"value":18,"label":"18"},{"value":24,"label":"24"},{"value":36,"label":"36"},{"value":48,"label":"48"},{"value":60,"label":"60"}]},{"type":"checkbox","label":"Show quick-shop","id":"show_quickshop","force_reload":true},{"type":"checkbox","label":"Display product sale badges","id":"product_sale_badges","force_reload":true},{"type":"paragraph","content":"Add 'as low as' pricing text to products with options on layout pages."},{"type":"checkbox","label":"Add 'As low as' text","force_reload":true,"id":"price_as_low_as"},{"type":"paragraph","content":"*only recommended if default options are set to lowest price available for each product"}]},{"name":"Brands Page Settings","settings":[{"type":"checkbox","label":"Show brand images on Brands page","id":"brands_images","force_reload":true}]},{"name":"Display Settings","settings":[{"type":"heading","content":"Apple Pay"},{"type":"select","label":"Button Color","id":"apple_pay_style","force_reload":true,"options":[{"value":"black","label":"Black (white text)"},{"value":"white","label":"White (black text)"},{"value":"white-border","label":"White (black text with border)"}]}]},{"name":"Homepage Settings","settings":[{"type":"select","label":"Carousel style","id":"carousel_style","options":[{"value":"mosaic","label":"Mosaic"},{"value":"slideshow","label":"Slideshow"}],"force_reload":true},{"type":"select","label":"Slideshow Aspect Ratio","id":"slideshow-aspect-ratio","force_reload":true,"options":[{"value":"","label":"Default"},{"value":"ratio-16-9","label":"16:9"},{"value":"ratio-3-1","label":"3:1"}]},{"type":"select","label":"Number of Featured Products on Homepage","id":"homepage_featured_products_limit","force_reload":true,"options":[{"value":0,"label":"0"},{"value":2,"label":"2"},{"value":4,"label":"4"},{"value":6,"label":"6"},{"value":8,"label":"8"},{"value":10,"label":"10"},{"value":12,"label":"12"},{"value":999,"label":"Show all"}]},{"type":"select","label":"Number of New Products on Homepage","id":"homepage_new_products_limit","force_reload":true,"options":[{"value":0,"label":"0"},{"value":2,"label":"2"},{"value":4,"label":"4"},{"value":6,"label":"6"},{"value":8,"label":"8"},{"value":10,"label":"10"},{"value":12,"label":"12"},{"value":999,"label":"Show all"}]},{"type":"checkbox","label":"Show Blog","id":"homepage_show_blog","force_reload":true},{"type":"select","label":"How many blog articles","id":"homepage_blog_article_limit","options":[{"value":2,"label":"2"},{"value":4,"label":"4"},{"value":6,"label":"6"},{"value":8,"label":"8"},{"value":10,"label":"10"}],"force_reload":true}]},{"name":"Footer","settings":[{"type":"checkbox","label":"Show Sitemap link in footer","id":"sitemap","force_reload":true},{"type":"checkbox","label":"Show brands in the footer","id":"brands_footer","force_reload":true},{"type":"select","label":"Number of brands to show in footer","id":"brands_cap","force_reload":true,"options":[{"value":5,"label":"Cap at 5"},{"value":10,"label":"Cap at 10"}]},{"type":"checkbox","label":"Show theme credits in footer","id":"theme_credits","force_reload":true},{"type":"checkbox","label":"Show copyright in footer","id":"show_copyright","force_reload":true},{"type":"checkbox","label":"Show social icons as first column in footer","id":"move_social_icons","force_reload":true}]},{"name":"Menu","settings":[{"type":"checkbox","label":"Show \"Home\" Link in Navigation","id":"show_home_link","force_reload":true},{"type":"checkbox","label":"Show Pages","id":"show_pages","force_reload":true},{"type":"checkbox","label":"Show Categories","id":"show_categories","force_reload":true},{"type":"select","label":"Display Categories","id":"category_display","options":[{"value":"show_categories","label":"in the main navigation"},{"value":"show_categories_dropdown","label":"in a dropdown"},{"value":"show_categories_meganav","label":"in a meganav (default)"},{"value":"show_categories_meganav_large","label":"in a meganav (large catalogue)"}],"force_reload":true},{"type":"checkbox","label":"Show \"All\" links for Parent Links with Dropdown Menus","id":"categories-all-link","force_reload":true}]},{"name":"Typography","settings":[{"type":"font","label":"Primary Font Family","id":"primary-font","options":[{"label":"Lato","value":"Google_Lato_400,700"},{"label":"Tenor Sans","value":"Google_Tenor+Sans_400"},{"label":"Rubik","value":"Google_Rubik_400,500"},{"label":"Source Sans Pro","value":"Google_Source+Sans+Pro_400,700"}]},{"type":"font","label":"Secondary Font Family","id":"secondary-font","options":[{"label":"Lato","value":"Google_Lato_400,700"},{"label":"Cardo","value":"Google_Cardo_400,700"},{"label":"Rubik","value":"Google_Rubik_400,500"},{"label":"PT Serif","value":"Google_PT+Serif_400,700"}]},{"type":"select","label":"Main Navigation Font","id":"main_navigation_font","options":[{"value":"primary","label":"Primary Font"},{"value":"secondary","label":"Secondary Font"}]},{"type":"select","label":"Footer Navigation Font","id":"footer_navigation_font","options":[{"value":"primary","label":"Primary Font"},{"value":"secondary","label":"Secondary Font"}]},{"type":"select","label":"Price Font","id":"price_font","options":[{"value":"primary","label":"Primary Font"},{"value":"secondary","label":"Secondary Font"}]},{"type":"select","label":"Button Font","id":"button_font","options":[{"value":"primary","label":"Primary Font"},{"value":"secondary","label":"Secondary Font"}]},{"type":"select","label":"Capitalize Navigation Text","id":"navigation_text_transform","options":[{"value":"none","label":"Normal Case"},{"value":"uppercase","label":"Capitalize"}]}]},{"name":"Colors","settings":[{"type":"color","label":"Body Color","id":"body_color"},{"type":"color","label":"Navigation Color","id":"navigation_color"},{"type":"color","label":"Header Color","id":"header_color"},{"type":"color","label":"Accent Color","id":"accent_color"},{"type":"color","label":"Page Background Color","id":"page_background_color"},{"type":"color","label":"Footer Background Color","id":"footer_background_color"},{"type":"color","label":"Footer Text Color","id":"footer_color"},{"type":"color","label":"Banner Color","id":"banner_background_color"},{"type":"color","label":"Banner Link Color","id":"banner_link_color"},{"type":"color","label":"Heading Color","id":"heading_color"},{"type":"color","label":"Section Title Color","id":"section_title_color"},{"type":"color","label":"Border Color","id":"border_color"},{"type":"color","label":"Text Input Background Color","id":"input_background_color"},{"type":"color","label":"Text Input Color","id":"input_color"},{"type":"color","label":"Input Border Color","id":"input_border_color"},{"type":"color","label":"Error Color","id":"error_color"},{"type":"color","label":"Promo Color","id":"promo_color"},{"type":"color","label":"Mosaic Text Color","id":"mosaic_text_color"},{"type":"color","label":"Mosaic Button Text Color","id":"mosaic_button_text"},{"type":"color","label":"Mosaic Button Background Color","id":"mosaic_button_background"}]},{"name":"Payment Icons","settings":[{"type":"checkbox","label":"Visa","id":"payment_visa","force_reload":true},{"type":"checkbox","label":"Mastercard","id":"payment_mastercard","force_reload":true},{"type":"checkbox","label":"American Express","id":"payment_american_express","force_reload":true},{"type":"checkbox","label":"Discover","id":"payment_discover","force_reload":true},{"type":"checkbox","label":"Paypal","id":"payment_paypal","force_reload":true},{"type":"checkbox","label":"Apple Pay","id":"payment_apple_pay","force_reload":true}]},{"name":"Optimized Checkout","enable":"ucoEnabled","settings":[{"type":"heading","content":"Header"},{"type":"color","label":"Background color","id":"optimizedCheckout-header-backgroundColor"},{"type":"checkbox","label":"Use custom background","id":"optimizedCheckout-show-backgroundImage"},{"type":"optimizedCheckout-image","label":"1000 x 400px recommended","reference":"optimizedCheckout-show-backgroundImage","reference_default":false,"force_reload":true,"id":"optimizedCheckout-backgroundImage"},{"type":"imageDimension","description":"Please specify a maximum image size for desktop display. We'll automatically scale down the image for smaller devices.","label":"","reference":"optimizedCheckout-show-backgroundImage","reference_default":false,"id":"optimizedCheckout-backgroundImage-size","options":[{"value":"1000x400","label":"Optimized for theme"},{"value":"custom","label":"Specify dimensions"}]},{"type":"heading","content":"Logo"},{"type":"select","label":"Use custom logo","id":"optimizedCheckout-show-logo","options":[{"value":"none","label":"None"},{"value":"custom","label":"Custom"}]},{"type":"optimizedCheckout-image","label":"250 x 100px recommended","reference":"optimizedCheckout-show-logo","reference_default":"none","force_reload":true,"id":"optimizedCheckout-logo"},{"type":"imageDimension","description":"Please specify a maximum image size for desktop display. We'll automatically scale down the image for smaller devices.","label":"","reference":"optimizedCheckout-show-logo","reference_default":"none","force_reload":true,"id":"optimizedCheckout-logo-size","options":[{"value":"250x100","label":"Optimized for theme"},{"value":"custom","label":"Specify dimensions"}]},{"type":"select","label":"Position","id":"optimizedCheckout-logo-position","options":[{"value":"left","label":"Left"},{"value":"center","label":"Center"},{"value":"right","label":"Right"}]},{"type":"heading","content":"Discount Banner"},{"type":"color","label":"Background color","id":"optimizedCheckout-discountBanner-backgroundColor"},{"type":"color","label":"Text color","id":"optimizedCheckout-discountBanner-textColor"},{"type":"color","label":"Icon color","id":"optimizedCheckout-discountBanner-iconColor"},{"type":"heading","content":"Order summary"},{"type":"color","label":"Background color","id":"optimizedCheckout-orderSummary-backgroundColor"},{"type":"heading","content":"Checkout steps"},{"type":"color","label":"Background color","id":"optimizedCheckout-step-backgroundColor"},{"type":"color","label":"Text color","id":"optimizedCheckout-step-textColor"},{"type":"heading","content":"Primary headings"},{"type":"color","label":"Text color","id":"optimizedCheckout-headingPrimary-color"},{"type":"font","label":"Font family","id":"optimizedCheckout-headingPrimary-font","options":[{"group":"Open Sans","label":"Open Sans","value":"Google_Open+Sans_400"},{"group":"Open Sans","label":"Open Sans Bold","value":"Google_Open+Sans_700"},{"group":"Montserrat","label":"Montserrat","value":"Google_Montserrat_400"},{"group":"Karla","label":"Karla","value":"Google_Karla_400"},{"group":"Roboto","label":"Roboto","value":"Google_Roboto_400"},{"group":"Source Sans Pro","label":"Source Sans Pro","value":"Google_Source+Sans+Pro_400"},{"group":"Volkhov","label":"Volkhov","value":"Google_Volkhov_400"}]},{"type":"heading","content":"Secondary headings"},{"type":"color","label":"Text color","id":"optimizedCheckout-headingSecondary-color"},{"type":"font","label":"Font family","id":"optimizedCheckout-headingSecondary-font","options":[{"group":"Open Sans","label":"Open Sans","value":"Google_Open+Sans_400"},{"group":"Open Sans","label":"Open Sans Bold","value":"Google_Open+Sans_700"},{"group":"Montserrat","label":"Montserrat","value":"Google_Montserrat_400"},{"group":"Karla","label":"Karla","value":"Google_Karla_400"},{"group":"Roboto","label":"Roboto","value":"Google_Roboto_400"},{"group":"Source Sans Pro","label":"Source Sans Pro","value":"Google_Source+Sans+Pro_400"},{"group":"Volkhov","label":"Volkhov","value":"Google_Volkhov_400"}]},{"type":"heading","content":"Body"},{"type":"color","label":"Background color","id":"optimizedCheckout-body-backgroundColor"},{"type":"heading","content":"Primary content"},{"type":"color","label":"Text color","id":"optimizedCheckout-contentPrimary-color"},{"type":"font","label":"Font family","id":"optimizedCheckout-contentPrimary-font","options":[{"group":"Open Sans","label":"Open Sans","value":"Google_Open+Sans_400"},{"group":"Open Sans","label":"Open Sans Bold","value":"Google_Open+Sans_700"},{"group":"Montserrat","label":"Montserrat","value":"Google_Montserrat_400"},{"group":"Karla","label":"Karla","value":"Google_Karla_400"},{"group":"Roboto","label":"Roboto","value":"Google_Roboto_400"},{"group":"Source Sans Pro","label":"Source Sans Pro","value":"Google_Source+Sans+Pro_400"},{"group":"Volkhov","label":"Volkhov","value":"Google_Volkhov_400"}]},{"type":"heading","content":"Secondary content"},{"type":"color","label":"Text color","id":"optimizedCheckout-contentSecondary-color"},{"type":"font","label":"Font family","id":"optimizedCheckout-contentSecondary-font","options":[{"group":"Open Sans","label":"Open Sans","value":"Google_Open+Sans_400"},{"group":"Open Sans","label":"Open Sans Bold","value":"Google_Open+Sans_700"},{"group":"Montserrat","label":"Montserrat","value":"Google_Montserrat_400"},{"group":"Karla","label":"Karla","value":"Google_Karla_400"},{"group":"Roboto","label":"Roboto","value":"Google_Roboto_400"},{"group":"Source Sans Pro","label":"Source Sans Pro","value":"Google_Source+Sans+Pro_400"},{"group":"Volkhov","label":"Volkhov","value":"Google_Volkhov_400"}]},{"type":"heading","content":"Links"},{"type":"color","label":"Text Color","id":"optimizedCheckout-link-color"},{"type":"font","label":"Font family","id":"optimizedCheckout-link-font","options":[{"group":"Open Sans","label":"Open Sans","value":"Google_Open+Sans_400"},{"group":"Open Sans","label":"Open Sans Bold","value":"Google_Open+Sans_700"},{"group":"Montserrat","label":"Montserrat","value":"Google_Montserrat_400"},{"group":"Karla","label":"Karla","value":"Google_Karla_400"},{"group":"Roboto","label":"Roboto","value":"Google_Roboto_400"},{"group":"Source Sans Pro","label":"Source Sans Pro","value":"Google_Source+Sans+Pro_400"},{"group":"Volkhov","label":"Volkhov","value":"Google_Volkhov_400"}]},{"type":"heading","content":"Primary button"},{"type":"color","label":"Text color","id":"optimizedCheckout-buttonPrimary-color"},{"type":"color","label":"Text hover color","id":"optimizedCheckout-buttonPrimary-colorHover"},{"type":"color","label":"Background color","id":"optimizedCheckout-buttonPrimary-backgroundColor"},{"type":"color","label":"Background hover color","id":"optimizedCheckout-buttonPrimary-backgroundColorHover"},{"type":"color","label":"Border color","id":"optimizedCheckout-buttonPrimary-borderColor"},{"type":"color","label":"Border hover color","id":"optimizedCheckout-buttonPrimary-borderColorHover"},{"type":"font","label":"Font family","id":"optimizedCheckout-buttonPrimary-font","options":[{"group":"Open Sans","label":"Open Sans","value":"Google_Open+Sans_400"},{"group":"Open Sans","label":"Open Sans Bold","value":"Google_Open+Sans_700"},{"group":"Montserrat","label":"Montserrat","value":"Google_Montserrat_400"},{"group":"Karla","label":"Karla","value":"Google_Karla_400"},{"group":"Roboto","label":"Roboto","value":"Google_Roboto_400"},{"group":"Source Sans Pro","label":"Source Sans Pro","value":"Google_Source+Sans+Pro_400"},{"group":"Volkhov","label":"Volkhov","value":"Google_Volkhov_400"}]},{"type":"heading","content":"Secondary button"},{"type":"color","label":"Text color","id":"optimizedCheckout-buttonSecondary-color"},{"type":"color","label":"Background color","id":"optimizedCheckout-buttonSecondary-backgroundColor"},{"type":"color","label":"Border color","id":"optimizedCheckout-buttonSecondary-borderColor"},{"type":"font","label":"Font family","id":"optimizedCheckout-buttonSecondary-font","options":[{"group":"Open Sans","label":"Open Sans","value":"Google_Open+Sans_400"},{"group":"Open Sans","label":"Open Sans Bold","value":"Google_Open+Sans_700"},{"group":"Montserrat","label":"Montserrat","value":"Google_Montserrat_400"},{"group":"Karla","label":"Karla","value":"Google_Karla_400"},{"group":"Roboto","label":"Roboto","value":"Google_Roboto_400"},{"group":"Source Sans Pro","label":"Source Sans Pro","value":"Google_Source+Sans+Pro_400"},{"group":"Volkhov","label":"Volkhov","value":"Google_Volkhov_400"}]},{"type":"heading","content":"Form inputs"},{"type":"color","label":"Border Color","id":"optimizedCheckout-formField-borderColor"},{"type":"select","label":"Background Color","id":"optimizedCheckout-formField-backgroundColor","options":[{"value":"white","label":"White"},{"value":"transparent","label":"Transparent"}]}]}]