{"core/account/inbox":"{{#partial 'account-heading'}}\n  {{lang 'core.account.messages.heading'}}\n{{/partial}}\n\n{{#partial 'account-toolbar'}}\n  {{#if customer.inbox.orders}}\n    <button class=\"account-tool\" data-account-toggle=\".account-messages-form\">{{lang 'core.account.inbox.show_form'}}</button>\n  {{/if}}\n{{/partial}}\n\n{{#partial 'account-content'}}\n  {{#if forms.inbox.error}}\n    {{> core/alerts/alert-error message=forms.inbox.error dismissable=true}}\n  {{/if}}\n\n  {{#if forms.inbox.success}}\n    {{> core/alerts/alert-success message=forms.inbox.success dismissable=true}}\n  {{/if}}\n\n  {{#if customer.inbox.orders}}\n    {{> core/account/_private/messages-form}}\n  {{/if}}\n\n  {{> core/account/_private/messages-list messages=customer.inbox.messages}}\n{{/partial}}\n\n{{> core/account/_private/layout nav_page='messages' class='messages'}}\n","core/alerts/alert-error":"<div class=\"alert alert-error\">\n  {{#if dismissable}}<a class=\"alert-dismiss\">&times;</a>{{/if}}\n\n  <div class=\"alert-message\">\n    {{#if message}}\n      {{{message}}}\n    {{else}}\n      {{{this}}}\n    {{/if}}\n  </div>\n</div>\n","core/alerts/alert-success":"<div class=\"alert alert-success\">\n  {{#if dismissable}}<a class=\"alert-dismiss\">&times;</a>{{/if}}\n\n  <div class=\"alert-message\">\n    {{#if message}}\n      {{{message}}}\n    {{else}}\n      {{{this}}}\n    {{/if}}\n  </div>\n</div>\n","core/account/_private/messages-form":"<form class=\"form account-messages-form account-toggle-hidden account-card\" action=\"{{urls.account.send_message}}\" method=\"post\" data-validated-form>\n  {{! TODO: Reuse forms/common/select partial when Handlebars is updated to v4 }}\n  <div class=\"form-field form-field-select form-required\">\n    <label class=\"form-label\">\n      <span class=\"form-field-title\">\n        {{lang 'core.account.inbox.order'}}\n        <span class=\"required-text\">{{lang 'core.account.common.required'}}</span>\n      </span>\n      <span class=\"form-field-control\">\n        <span class=\"form-select-wrapper\">\n          <select\n            class=\"form-input form-select\"\n            name=\"message_order_id\"\n            required\n            aria-required=\"true\">\n            <option disabled selected value=\"\">{{lang 'core.account.inbox.order_pick_one'}}</option>\n            {{#each customer.inbox.orders}}\n              <option value=\"{{id}}\">{{lang 'core.account.inbox.order_display' id=id date=date total=amount.formatted}}</option>\n            {{/each}}\n          </select>\n        </span>\n      </span>\n    </label>\n  </div>\n\n  {{> core/forms/common/text name='message_subject' required=true label=(lang 'core.account.inbox.subject')}}\n  {{> core/forms/common/multiline name='message_content' required=true rows=7 label=(lang 'core.account.inbox.message')}}\n\n  <div class=\"form-actions\">\n    <input class=\"button account-button-primary\" type=\"submit\" value=\"{{lang 'core.account.inbox.submit'}}\">\n  </div>\n</form>\n","core/account/_private/messages-list":"{{#if messages}}\n  <table class=\"account-messages-table table-clean\">\n    {{#each messages}}\n      <tr class=\"account-messages-table-message {{#if is_reply}}account-message-is-reply{{/if}} {{#unless unread}}account-message-is-read{{/unless}}\">\n        <td>\n          <h2 class=\"account-message-subject\">{{subject}}</h2>\n          <div class=\"account-message-content\">{{message}}</div>\n        </td>\n        <td class=\"account-messages-table-date\">\n          <time class=\"account-message-date\">{{date}}</time>\n        </td>\n      </tr>\n    {{/each}}\n  </table>\n\n{{else}}\n  <div class=\"account-empty\">{{lang 'core.account.messages.no_messages'}}</div>\n\n{{/if}}\n","core/account/_private/layout":"{{!\n  A wrapper for all account pages.\n\n  @block account-heading\n         The page's title.\n\n  @block account-content\n         The content for the main part of the layout.\n\n  @param class string\n         A name for the current page, added as a class to the account wrapper.\n\n  @param nav string\n         If \"hidden\", no nav will be shown.\n\n  @param nav_page string\n         If matches a string in navigation.html, that link will be made active.\n\n  @param header string\n         If \"hidden\", no header will be shown.\n         If \"top\", header will be shown above the nav.\n         Otherwise, header will be shown above the content.\n}}\n<section class=\"account-wrapper account-page-{{class}}{{#if nav '===' 'hidden'}} account-nav-hidden{{/if}}\">\n  {{#if header '===' 'top'}}{{> core/account/_private/layout-heading}}{{/if}}\n\n  {{#if nav '!==' 'hidden'}}\n    {{> core/account/_private/navigation nav_page=nav_page}}\n  {{/if}}\n\n  <div class=\"account-body\">\n    {{#unless header}}{{> core/account/_private/layout-heading}}{{/unless}}\n\n    <div class=\"account-content\">\n      {{#block 'account-content'}}{{/block}}\n    </div>\n  </div>\n</section>\n","core/forms/common/text":"\n<div class=\"form-field form-field-common form-field-text {{#if required}} form-required{{/if}}\" id=\"{{id}}\">\n  <label class=\"form-label\">\n    <span class=\"form-field-title\">\n      {{label}}\n      {{#if required}}<span class=\"required-text\">{{lang 'common.required'}}</span>{{/if}}\n    </span>\n    <span class=\"form-field-control\">\n      <input class=\"form-input\"\n        id=\"input-{{id}}\"\n        name=\"{{name}}\"\n        type=\"text\"\n        placeholder=\"{{prefill}}\"\n        {{#if value}}value=\"{{value}}\"{{/if}}\n        {{#if private_id}}data-field-type=\"{{private_id}}\"{{/if}}\n        {{#if required}}required{{/if}}\n        aria-required=\"{{required}}\">\n    </span>\n  </label>\n</div>\n","core/forms/common/multiline":"{{!\n  Textarea form component\n\n  @param validation_message string\n         Custom validation message\n}}\n<div class=\"form-field form-field-common form-field-multiline {{#if required}}form-required{{/if}}\" id=\"{{id}}\">\n  <label class=\"form-label\">\n    <span class=\"form-field-title\">\n      {{label}}\n      {{#if required}}<span class=\"required-text\">{{lang 'common.required'}}</span>{{/if}}\n    </span>\n    <span class=\"form-field-control\">\n      <textarea\n        class=\"form-input\"\n        id=\"textarea-{{id}}\"\n        name=\"{{name}}\"\n        placeholder=\"{{prefill}}\"\n        rows=\"{{rows}}\"\n        {{#if required}}\n          required\n          {{#if validation_message}}\n            data-vd-message-required=\"{{validation_message}}\"\n          {{/if}}\n        {{/if}}\n        aria-required=\"{{required}}\">{{value}}</textarea>\n    </span>\n  </label>\n</div>\n","core/account/_private/navigation":"<nav class=\"account-nav\">\n  <ul class=\"account-nav-list\">\n    <li class=\"account-nav-item{{#if nav_page '===' 'orders'}} is-active{{/if}}\">\n      <a class=\"account-nav-link\" href=\"{{urls.account.orders.all}}\">{{lang 'core.account.menu.orders'}}</a>\n    </li>\n\n    {{#if settings.returns_enabled}}\n      <li class=\"account-nav-item{{#if nav_page '===' 'returns'}} is-active{{/if}}\">\n        <a class=\"account-nav-link\" href=\"{{urls.account.returns}}\">{{lang 'core.account.menu.returns'}}</a>\n      </li>\n    {{/if}}\n\n    <li class=\"account-nav-item{{#if nav_page '===' 'messages'}} is-active{{/if}}\">\n      <a class=\"account-nav-link\" href=\"{{urls.account.inbox}}\">{{lang 'core.account.menu.messages'}}\n        {{#if customer.num_new_messages}}\n          <span class=\"account-nav-badge\">{{customer.num_new_messages}}</span>\n        {{/if}}\n      </a>\n    </li>\n\n    <li class=\"account-nav-item{{#if nav_page '===' 'addresses'}} is-active{{/if}}\">\n      <a class=\"account-nav-link\" href=\"{{urls.account.addresses}}\">{{lang 'core.account.menu.addresses'}}</a>\n    </li>\n\n    {{#if settings.show_wishlist}}\n      <li class=\"account-nav-item{{#if nav_page '===' 'wishlists'}} is-active{{/if}}\">\n        <a class=\"account-nav-link\" href=\"{{urls.account.wishlists.all}}\">{{lang 'core.account.menu.wishlists'}}</a>\n      </li>\n    {{/if}}\n\n    <li class=\"account-nav-item{{#if nav_page '===' 'recent_items'}} is-active{{/if}}\">\n      <a class=\"account-nav-link\" href=\"{{urls.account.recent_items}}\">{{lang 'core.account.menu.recently_viewed'}}</a>\n    </li>\n\n    <li class=\"account-nav-item{{#if nav_page '===' 'settings'}} is-active{{/if}}\">\n      <a class=\"account-nav-link\" href=\"{{urls.account.details}}\">{{lang 'core.account.menu.settings'}}</a>\n    </li>\n  </ul>\n\n  {{#if customer.store_credit.value '>' 0}}\n    {{> core/alerts/alert-success (lang 'core.account.common.store_credit' store_credit=customer.store_credit.formatted)}}\n  {{/if}}\n</nav>\n","core/account/_private/layout-heading":"<div class=\"account-header\">\n  <h1 class=\"account-heading\">{{#block 'account-heading'}}{{/block}}</h1>\n\n  <div class=\"account-toolbar\">{{#block 'account-toolbar'}}{{/block}}</div>\n</div>\n"}