{"core/account/wishlist-shared":"{{#partial 'account-heading'}}\n  {{lang 'core.account.wishlists.view_heading' name=wishlist.name}}\n{{/partial}}\n\n{{#partial 'account-content'}}\n  <section class=\"{{products_per_row_class}}\">\n    <h2 class=\"account-sub-heading\">{{lang 'core.account.wishlists.wishlist_contents'}}</h2>\n    <div class=\"account-wishlist-items account-product-wrapper\">\n      {{#each wishlist.items}}\n        {{> core/account/_private/account-product-item show_remove=true default_image=../theme_settings.default_image show_bg=../show_bg}}\n      {{/each}}\n    </div>\n  </section>\n{{/partial}}\n\n{{> core/account/_private/layout nav_page='wishlists' class='wishlist-shared'}}\n","core/account/_private/account-product-item":"{{!\n  A single product, as shown in a listing.\n\n  @param this object\n         A product object.\n\n  @param show_quickshop bool\n         If true, include a link that can be used to open a quickshop modal.\n\n  @param show_compare bool\n         If true, include a checkbox to select products to compare.\n\n  @param show_remove bool\n         If true, include remove from cart form. Requires `remove_url` to be\n         available.\n\n  @param show_rating bool\n         If true, include the product's rating if there are enough votes.\n}}\n<article class=\"account-product-item\">\n  <figure class=\"account-product-item-thumbnail\" {{#if show_bg}}style=\"background-image: url({{getImage image 'account-product-thumbnail' (cdn default_image)}})\"{{/if}}>\n    <a href=\"{{url}}\" title=\"{{name}}\">\n      <img src=\"{{getImage image 'account-product-thumbnail' (cdn default_image)}}\" alt=\"{{image.alt}}\">\n    </a>\n\n    {{#if price.saved}}\n      <div class=\"account-product-item-sale-tag\">{{lang 'core.product.sale'}}</div>\n    {{/if}}\n\n    {{#if show_remove}}\n      <form class=\"form account-product-item-remove\" action=\"{{remove_url}}\" method=\"post\">\n        <input type=\"submit\" value=\"&times;\">\n      </form>\n    {{/if}}\n  </figure>\n\n  <div class=\"account-product-item-details\">\n    {{#if show_rating}}\n      {{> core/products/rating rating=rating}}\n    {{/if}}\n\n    <h3 class=\"account-product-item-title\">\n      <a href=\"{{url}}\" title=\"{{name}}\">{{name}}</a>\n    </h3>\n\n    {{#if brand.name}}\n      <span class=\"account-product-item-brand\">\n        <a href=\"{{brand.url}}\">{{brand.name}}</a>\n      </span>\n    {{/if}}\n\n    <div class=\"account-product-item-price\">\n      {{> core/products/price}}\n    </div>\n\n    {{#if show_compare}}\n      <label class=\"form-label account-product-item-compare\" for=\"compare-{{id}}\">\n        <input type=\"checkbox\" class=\"form-input form-checkbox\" name=\"products[]\" value=\"{{id}}\" id=\"compare-{{id}}\">\n        <span class=\"form-label-text\">{{lang 'core.product.compare'}}</span>\n      </label>\n    {{/if}}\n  </div>\n\n  {{#if show_quickshop}}\n    <a href=\"{{url}}\" class=\"account-product-item-quickshop\" data-quick-shop data-product-id=\"{{id}}\">{{lang 'core.product.quickshop.view'}}</a>\n  {{/if}}\n</article>\n","core/account/_private/layout":"{{!\n  A wrapper for all account pages.\n\n  @block account-heading\n         The page's title.\n\n  @block account-content\n         The content for the main part of the layout.\n\n  @param class string\n         A name for the current page, added as a class to the account wrapper.\n\n  @param nav string\n         If \"hidden\", no nav will be shown.\n\n  @param nav_page string\n         If matches a string in navigation.html, that link will be made active.\n\n  @param header string\n         If \"hidden\", no header will be shown.\n         If \"top\", header will be shown above the nav.\n         Otherwise, header will be shown above the content.\n}}\n<section class=\"account-wrapper account-page-{{class}}{{#if nav '===' 'hidden'}} account-nav-hidden{{/if}}\">\n  {{#if header '===' 'top'}}{{> core/account/_private/layout-heading}}{{/if}}\n\n  {{#if nav '!==' 'hidden'}}\n    {{> core/account/_private/navigation nav_page=nav_page}}\n  {{/if}}\n\n  <div class=\"account-body\">\n    {{#unless header}}{{> core/account/_private/layout-heading}}{{/unless}}\n\n    <div class=\"account-content\">\n      {{#block 'account-content'}}{{/block}}\n    </div>\n  </div>\n</section>\n","core/products/rating":"{{!\n  Shows the product's overall rating as N out of 5 stars.\n\n  @param rating number\n         The product's rating.\n\n  @param total number\n         The number of votes.\n}}\n{{#if rating \">=\" 0}}\n  <div class=\"rating\">\n    <div class=\"rating-stars\" aria-hidden=\"true\">\n      {{#enumerate 1 5}}\n        {{#if ../rating '>=' this}}\n          <span class=\"rating-star rating-star-full\"></span>\n        {{else}}\n          <span class=\"rating-star rating-star-empty\"></span>\n        {{/if}}\n      {{/enumerate}}\n    </div>\n\n    <span class=\"rating-score\">{{rating}}</span>\n\n    {{#if total}}\n      <span class=\"rating-votes\">{{lang 'core.rating.total_votes' votes=total}}</span>\n    {{/if}}\n  </div>\n{{/if}}\n","core/account/_private/navigation":"<nav class=\"account-nav\">\n  <ul class=\"account-nav-list\">\n    <li class=\"account-nav-item{{#if nav_page '===' 'orders'}} is-active{{/if}}\">\n      <a class=\"account-nav-link\" href=\"{{urls.account.orders.all}}\">{{lang 'core.account.menu.orders'}}</a>\n    </li>\n\n    {{#if settings.returns_enabled}}\n      <li class=\"account-nav-item{{#if nav_page '===' 'returns'}} is-active{{/if}}\">\n        <a class=\"account-nav-link\" href=\"{{urls.account.returns}}\">{{lang 'core.account.menu.returns'}}</a>\n      </li>\n    {{/if}}\n\n    <li class=\"account-nav-item{{#if nav_page '===' 'messages'}} is-active{{/if}}\">\n      <a class=\"account-nav-link\" href=\"{{urls.account.inbox}}\">{{lang 'core.account.menu.messages'}}\n        {{#if customer.num_new_messages}}\n          <span class=\"account-nav-badge\">{{customer.num_new_messages}}</span>\n        {{/if}}\n      </a>\n    </li>\n\n    <li class=\"account-nav-item{{#if nav_page '===' 'addresses'}} is-active{{/if}}\">\n      <a class=\"account-nav-link\" href=\"{{urls.account.addresses}}\">{{lang 'core.account.menu.addresses'}}</a>\n    </li>\n\n    {{#if settings.show_wishlist}}\n      <li class=\"account-nav-item{{#if nav_page '===' 'wishlists'}} is-active{{/if}}\">\n        <a class=\"account-nav-link\" href=\"{{urls.account.wishlists.all}}\">{{lang 'core.account.menu.wishlists'}}</a>\n      </li>\n    {{/if}}\n\n    <li class=\"account-nav-item{{#if nav_page '===' 'recent_items'}} is-active{{/if}}\">\n      <a class=\"account-nav-link\" href=\"{{urls.account.recent_items}}\">{{lang 'core.account.menu.recently_viewed'}}</a>\n    </li>\n\n    <li class=\"account-nav-item{{#if nav_page '===' 'settings'}} is-active{{/if}}\">\n      <a class=\"account-nav-link\" href=\"{{urls.account.details}}\">{{lang 'core.account.menu.settings'}}</a>\n    </li>\n  </ul>\n\n  {{#if customer.store_credit.value '>' 0}}\n    {{> core/alerts/alert-success (lang 'core.account.common.store_credit' store_credit=customer.store_credit.formatted)}}\n  {{/if}}\n</nav>\n","core/products/price":"{{!\n  Shows a product's price.\n\n  Prices are fairly complicated. Besides having to be able to show the price\n  with and without tax, a merchant can also assign a Recommended Retail Price,\n  and a Sale Price.\n\n  This means that in extreme cases, we have to show 4 different prices at once.\n\n  When a Sale Price is set we do not have direct access to it--instead it\n  overwrites the regular price.\n\n  @param price object\n\n  @param show_savings bool\n         If true, show a label saying how much is saved from the full price.\n}}\n{{#if price}}\n  <div class=\"price\" itemprop=\"offers\" itemscope itemtype=\"http://schema.org/Offer\">\n    {{#if schema_org}}\n      <meta itemprop=\"priceCurrency\" content=\"{{currency_selector.active_currency_code}}\">\n\n      {{#if price.without_tax}}\n        <meta itemprop=\"price\" content=\"{{price.without_tax.value}}\">\n      {{else}}\n        <meta itemprop=\"price\" content=\"{{price.with_tax.value}}\">\n      {{/if}}\n    {{/if}}\n\n\n    {{#if price.without_tax}}\n      <span class=\"price-withouttax\" data-price=\"without-tax\">\n        {{#if price.rrp_without_tax}}\n          <span class=\"price-rrp\" data-price-rrp=\"without-tax\">\n            {{price.rrp_without_tax.formatted}}\n          </span>\n        {{/if}}\n\n        <span class=\"price-value\" data-price-value=\"without-tax\">\n          {{price.without_tax.formatted}}\n        </span>\n\n        {{#if price.with_tax}}\n          <span class=\"price-tax-label\">{{lang 'core.price.without_tax' tax_label=price.tax_label}}</span>\n        {{/if}}\n      </span>\n    {{/if}}\n\n\n    {{#if price.with_tax}}\n      <span class=\"price-withtax\" data-price=\"with-tax\">\n        {{#if price.rrp_with_tax}}\n          <span class=\"price-rrp\" data-price-rrp=\"with-tax\">\n            {{price.rrp_with_tax.formatted}}\n          </span>\n        {{/if}}\n\n        <span class=\"price-value\" data-price-value=\"with-tax\">\n          {{price.with_tax.formatted}}\n        </span>\n\n        {{#if price.without_tax}}\n          <span class=\"price-tax-label\">{{lang 'core.price.with_tax' tax_label=price.tax_label}}</span>\n        {{/if}}\n      </span>\n    {{/if}}\n\n\n    {{#if show_savings}}\n      {{#if price.saved}}\n        <span class=\"price-saved\" data-price-saved>\n          {{lang 'core.price.you_save' amount=price.saved.formatted}}\n        </span>\n      {{/if}}\n    {{/if}}\n  </div>\n{{/if}}\n","core/account/_private/layout-heading":"<div class=\"account-header\">\n  <h1 class=\"account-heading\">{{#block 'account-heading'}}{{/block}}</h1>\n\n  <div class=\"account-toolbar\">{{#block 'account-toolbar'}}{{/block}}</div>\n</div>\n","core/alerts/alert-success":"<div class=\"alert alert-success\">\n  {{#if dismissable}}<a class=\"alert-dismiss\">&times;</a>{{/if}}\n\n  <div class=\"alert-message\">\n    {{#if message}}\n      {{{message}}}\n    {{else}}\n      {{{this}}}\n    {{/if}}\n  </div>\n</div>\n"}