{"pages/custom/page/reviews":"{{!-- Product Reviews: include in reviews.html page template --}}\r\n\r\n{{#if settings.show_product_reviews}}\r\n  {{#each product.reviews.list}}\r\n    <script type=\"application/ld+json\">\r\n      {\r\n        \"@context\": \"http://schema.org/\",\r\n        \"@type\": \"Review\",\r\n        \"itemReviewed\": {\r\n          \"@type\": \"Product\",\r\n          \"image\": \"{{getImage ../product.main_image}}\",\r\n          \"name\": \"{{../product.title}}\"\r\n        },\r\n        \"reviewRating\": {\r\n          \"@type\": \"Rating\",\r\n          \"ratingValue\": \"{{rating}}\"\r\n        },\r\n        \"name\": \"{{title}}\",\r\n        \"author\": {\r\n          \"@type\": \"Person\",\r\n          \"name\": \"{{name}}\"\r\n        },\r\n        \"reviewBody\": \"{{text}}\",\r\n        \"publisher\": {\r\n          \"@type\": \"Organization\",\r\n          \"name\": \"{{../settings.store_name}}\"\r\n        }\r\n      }\r\n    </script>\r\n  {{/each}}\r\n{{/if}}"}