{"components/navigation":"\r\n<nav class=\"main-menu\">\r\n  <ul class=\"nav-menu\">\r\n    {{#if theme_settings.show_categories}}\r\n      {{#if theme_settings.category_display '===' 'show_categories'}}\r\n        {{#each categories}}\r\n          <li class=\"nav-menu-item {{#if children}}menu-dropdown{{/if}}\" >\r\n            {{> components/navigation-item show_all=../theme_settings.categories-all-link}}\r\n          </li>\r\n        {{/each}}\r\n      {{else if theme_settings.category_display '===' 'show_categories_dropdown'}}\r\n        <li class=\"nav-menu-item menu-dropdown\">\r\n          <a href=\"#\">{{lang 'common.shop_all'}}</a>\r\n          <ul class=\"dropdown nav-submenu\">\r\n            {{#each categories}}\r\n              <li class=\"nav-submenu-item {{#if children}} dropdown {{/if}}\" >\r\n                {{> components/navigation-category-item show_all=../theme_settings.categories-all-link}}\r\n              </li>\r\n            {{/each}}\r\n          </ul>\r\n        </li>\r\n      {{/if}}\r\n      {{#if theme_settings.category_display '===' 'show_categories_meganav'}}\r\n      <li class=\"nav-menu-item menu-dropdown menu-meganav\" data-menu-meganav>\r\n        <a href=\"#\">{{lang 'common.shop_all'}}</a>\r\n        <ul class=\"dropdown nav-submenu meganav-submenu\">\r\n          {{#each categories}}\r\n            <li class=\"meganav-submenu-item nav-submenu-item {{#if children}}dropdown{{/if}}\">\r\n              {{> components/mega-navigation-item show_all=../theme_settings.categories-all-link}}\r\n            </li>\r\n          {{/each}}\r\n        </ul>\r\n      </li>\r\n      {{/if}}\r\n      {{#if theme_settings.category_display '===' 'show_categories_meganav_large'}}\r\n      <li class=\"nav-menu-item menu-dropdown menu-meganav menu-meganav-large\" data-menu-meganav-large>\r\n        <a href=\"#\">{{lang 'common.shop_all'}}</a>\r\n        <ul class=\"dropdown nav-submenu meganav-submenu\">\r\n          <div class=\"meganav-divider\"></div>\r\n          {{#each categories}}\r\n          <li class=\"blurred meganav-submenu-item nav-submenu-item {{#if children}}dropdown{{/if}}\">\r\n            {{> components/mega-navigation-item show-all=../theme_settings.categories-all-link}}\r\n          </li>\r\n          {{/each}}\r\n        </ul>\r\n      </li>\r\n      {{/if}}\r\n    {{/if}}\r\n    {{#if theme_settings.show_pages}}\r\n      {{#each pages}}\r\n        <li class=\"nav-menu-item {{#if children}} menu-dropdown {{/if}}\" >\r\n          {{> components/navigation-item show-all=../theme_settings.categories-all-link}}\r\n        </li>\r\n      {{/each}}\r\n    {{/if}}\r\n    {{#if theme_settings.show_home_link}}\r\n      <li class=\"nav-menu-item\">\r\n        <a href=\"{{urls.home}}blog-silver-jewellery-uk/\">Blog</a>\r\n      </li>\r\n      <li class=\"nav-menu-item\">\r\n        <a href=\"{{urls.home}}reviews/\">Reviews</a>\r\n      </li>\r\n    {{/if}}\r\n  </ul>\r\n  <div class=\"nav-tools\">\r\n    {{> components/currency-selector}}\r\n    {{> components/customer-links}}\r\n  </div>\r\n</nav>\r\n","components/mega-navigation-item":"{{#if children}}\n  <a href=\"#\" class=\"mega-submenu-trigger submenu-trigger\" data-submenu-trigger>{{name}}</a>\n  <ul class=\"dropdown meganav-submenu nav-submenu\">\n    <div class=\"meganav-submenu-header\">\n      <div class=\"meganav-back\" data-meganav-back>{{lang 'common.back_text'}}</div>\n      <h1 class=\"meganav-submenu-name\">{{name}}</h1>\n    </div>\n    {{#if show_all}}\n      <li class=\"meganav-submenu-item nav-submenu-item\">\n        <a href=\"{{url}}\">{{lang 'common.all_text'}} {{name}}</a>\n      </li>\n    {{/if}}\n    {{#each children}}\n      <li class=\"meganav-submenu-item nav-submenu-item\">\n        {{> components/mega-navigation-item}}\n      </li>\n    {{/each}}\n  </ul>\n{{else}}\n  <a href=\"{{url}}\">{{name}}</a>\n{{/if}}\n","components/navigation-category-item":"{{#if children}}\n  <a href=\"#\" class=\"submenu-trigger\" data-submenu-trigger>{{name}}</a>\n  <ul class=\"dropdown nav-submenu\">\n    {{#if show_all}}\n      <li class=\"nav-submenu-item\">\n        <a href=\"{{url}}\">{{lang 'common.all_text'}} {{name}}</a>\n      </li>\n    {{/if}}\n    {{#each children}}\n      <li class=\"nav-submenu-item\">\n        {{> components/navigation-category-item}}\n      </li>\n    {{/each}}\n  </ul>\n{{else}}\n  <a href=\"{{url}}\">{{name}}</a>\n{{/if}}\n","components/navigation-item":"{{#if children}}\n  <a href=\"#\" class=\"submenu-trigger\" data-submenu-trigger>{{name}}</a>\n  <ul class=\"dropdown nav-submenu\">\n    {{#if show_all}}\n      <li class=\"nav-submenu-item\">\n        <a href=\"{{url}}\">{{lang 'common.all_text'}} {{name}}</a>\n      </li>\n    {{/if}}\n    {{#each children}}\n      <li class=\"nav-submenu-item\">\n        {{> components/navigation-item}}\n      </li>\n    {{/each}}\n  </ul>\n{{else}}\n  <a href=\"{{url}}\">{{name}}</a>\n{{/if}}\n","components/customer-links":"\n{{#if settings.account_creation_enabled}}\n  <div class=\"customer-links\">\n    {{#if customer}}\n      <a href=\"{{urls.account.index}}\">{{customer.name}}</a>\n      <a class=\"customer-link-logout\" href=\"{{urls.auth.logout}}\">{{lang 'common.account.log_out'}}</a>\n    {{else}}\n      <a href=\"{{urls.auth.login}}\">{{lang 'common.account.log_in'}}</a>\n    {{/if}}\n  </div>\n{{/if}}\n","components/currency-selector":"{{#if currency_selector.currencies.length \">\" 1}}\n  <div class=\"currency-select-wrapper\" data-currency-selector>\n    <span class=\"form-selected-text\" data-currency-selector-toggle>\n      {{currency_selector.active_currency_code}}\n      <svg class=\"icon-arrow-down\">\n        <use xlink:href=\"#icon-arrow-down\"></use>\n      </svg>\n    </span>\n    <select>\n      {{#each currency_selector.currencies}}\n        <option value=\"{{{switch_url}}}\" {{#if is_active}}selected{{/if}}>\n          {{name}}\n        </option>\n      {{/each}}\n    </select>\n  </div>\n{{/if}}\n"}